Site,Month,Position,Depth,Distance,Salinity,pH,Temperature
Kbira,July,Surface,0,98,NA,NA,25.16
Kbira,July,Surface,0,96,NA,NA,24.88
Kbira,July,Surface,0,94,NA,NA,24.85
Kbira,July,Surface,0,92,NA,NA,24.64
Kbira,July,Surface,0,90,NA,NA,24.61
Kbira,July,Surface,0,88,NA,NA,24.57
Kbira,July,Surface,0,86,NA,NA,24.53
Kbira,July,Surface,0,84,NA,NA,24.5
Kbira,July,Surface,0,82,NA,NA,24.48
Kbira,July,Surface,0,80,NA,NA,24.48
Kbira,July,Surface,0,78,NA,NA,24.49
Kbira,July,Surface,0,76,NA,NA,24.49
Kbira,July,Surface,0,74,NA,NA,24.5
Kbira,July,Surface,0,72,NA,NA,24.51
Kbira,July,Surface,0,70,NA,NA,24.54
Kbira,July,Surface,0,68,NA,NA,24.73
Kbira,July,Surface,0,66,NA,NA,24.8
Kbira,July,Surface,0,64,NA,NA,24.83
Kbira,July,Surface,0,62,NA,NA,24.84
Kbira,July,Surface,0,60,NA,NA,24.83
Kbira,July,Surface,0,58,NA,NA,24.82
Kbira,July,Surface,0,56,NA,NA,24.81
Kbira,July,Surface,0,54,NA,NA,24.82
Kbira,July,Surface,0,52,NA,NA,24.82
Kbira,July,Surface,0,50,NA,NA,24.82
Kbira,July,Surface,0,48,NA,NA,24.78
Kbira,July,Surface,0,46,NA,NA,24.74
Kbira,July,Surface,0,44,NA,NA,24.72
Kbira,July,Surface,0,42,NA,NA,24.71
Kbira,July,Surface,0,40,NA,NA,24.69
Kbira,July,Surface,0,38,NA,NA,24.68
Kbira,July,Surface,0,36,NA,NA,24.67
Kbira,July,Surface,0,34,NA,NA,24.69
Kbira,July,Surface,0,32,NA,NA,24.74
Kbira,July,Surface,0,30,NA,NA,24.78
Kbira,July,Surface,0,28,NA,NA,24.78
Kbira,July,Surface,0,26,NA,NA,24.84
Kbira,July,Surface,0,24,NA,NA,24.86
Kbira,July,Surface,0,22,NA,NA,24.89
Kbira,July,Surface,0,20,NA,NA,24.92
Kbira,July,Surface,0,18,NA,NA,24.96
Kbira,July,Surface,0,16,NA,NA,24.96
Kbira,July,Surface,0,14,NA,NA,25.02
Kbira,July,Surface,0,12,NA,NA,25.05
Kbira,July,Surface,0,10,NA,NA,25.06
Kbira,July,Surface,0,8,NA,NA,24.93
Kbira,July,Surface,0,6,NA,NA,24.89
Kbira,July,Surface,0,4,NA,NA,24.88
Kbira,July,Surface,0,2,NA,NA,24.82
Kbira,July,Surface,0,0,NA,NA,24.82
Kbira,July,Surface,0,98,NA,NA,24.55
Kbira,July,Surface,0,96,NA,NA,24.56
Kbira,July,Surface,0,94,NA,NA,24.56
Kbira,July,Surface,0,92,NA,NA,24.56
Kbira,July,Surface,0,90,NA,NA,24.57
Kbira,July,Surface,0,88,NA,NA,24.58
Kbira,July,Surface,0,86,NA,NA,24.59
Kbira,July,Surface,0,84,NA,NA,24.61
Kbira,July,Surface,0,82,NA,NA,24.61
Kbira,July,Surface,0,80,NA,NA,24.62
Kbira,July,Surface,0,78,NA,NA,24.59
Kbira,July,Surface,0,76,NA,NA,24.58
Kbira,July,Surface,0,74,NA,NA,24.58
Kbira,July,Surface,0,72,NA,NA,24.58
Kbira,July,Surface,0,70,NA,NA,24.57
Kbira,July,Surface,0,68,NA,NA,24.58
Kbira,July,Surface,0,66,NA,NA,24.59
Kbira,July,Surface,0,64,NA,NA,24.61
Kbira,July,Surface,0,62,NA,NA,24.66
Kbira,July,Surface,0,60,NA,NA,24.71
Kbira,July,Surface,0,58,NA,NA,24.76
Kbira,July,Surface,0,56,NA,NA,24.85
Kbira,July,Surface,0,54,NA,NA,24.96
Kbira,July,Surface,0,52,NA,NA,25.03
Kbira,July,Surface,0,50,NA,NA,25.1
Kbira,July,Surface,0,48,NA,NA,25.12
Kbira,July,Surface,0,46,NA,NA,25.13
Kbira,July,Surface,0,44,NA,NA,25.15
Kbira,July,Surface,0,42,NA,NA,25.14
Kbira,July,Surface,0,40,NA,NA,25.14
Kbira,July,Surface,0,38,NA,NA,25.01
Kbira,July,Surface,0,36,NA,NA,25.11
Kbira,July,Surface,0,34,NA,NA,25.12
Kbira,July,Surface,0,32,NA,NA,25.15
Kbira,July,Surface,0,30,NA,NA,25.12
Kbira,July,Surface,0,28,NA,NA,25.11
Kbira,July,Surface,0,26,NA,NA,25.14
Kbira,July,Surface,0,24,NA,NA,25.13
Kbira,July,Surface,0,22,NA,NA,25.16
Kbira,July,Surface,0,20,NA,NA,25.16
Kbira,July,Surface,0,18,NA,NA,25.14
Kbira,July,Surface,0,16,NA,NA,25.17
Kbira,July,Surface,0,14,NA,NA,25.11
Kbira,July,Surface,0,12,NA,NA,25.17
Kbira,July,Surface,0,10,NA,NA,25.14
Kbira,July,Surface,0,8,NA,NA,25.08
Kbira,July,Surface,0,6,NA,NA,25.03
Kbira,July,Surface,0,4,NA,NA,24.94
Kbira,July,Surface,0,2,NA,NA,24.89
Kbira,July,Surface,0,0,NA,NA,24.88
Kbira,July,Surface,0,98,NA,NA,24.53
Kbira,July,Surface,0,96,NA,NA,24.53
Kbira,July,Surface,0,94,NA,NA,24.54
Kbira,July,Surface,0,92,NA,NA,24.56
Kbira,July,Surface,0,90,NA,NA,24.54
Kbira,July,Surface,0,88,NA,NA,24.54
Kbira,July,Surface,0,86,NA,NA,24.56
Kbira,July,Surface,0,84,NA,NA,24.59
Kbira,July,Surface,0,82,NA,NA,24.67
Kbira,July,Surface,0,80,NA,NA,24.63
Kbira,July,Surface,0,78,NA,NA,24.64
Kbira,July,Surface,0,76,NA,NA,24.63
Kbira,July,Surface,0,74,NA,NA,24.61
Kbira,July,Surface,0,72,NA,NA,24.57
Kbira,July,Surface,0,70,NA,NA,24.65
Kbira,July,Surface,0,68,NA,NA,24.71
Kbira,July,Surface,0,66,NA,NA,24.74
Kbira,July,Surface,0,64,NA,NA,24.79
Kbira,July,Surface,0,62,NA,NA,24.85
Kbira,July,Surface,0,60,NA,NA,24.86
Kbira,July,Surface,0,58,NA,NA,24.81
Kbira,July,Surface,0,56,NA,NA,24.93
Kbira,July,Surface,0,54,NA,NA,24.99
Kbira,July,Surface,0,52,NA,NA,25.03
Kbira,July,Surface,0,50,NA,NA,25.08
Kbira,July,Surface,0,48,NA,NA,25.13
Kbira,July,Surface,0,46,NA,NA,25.16
Kbira,July,Surface,0,44,NA,NA,25.19
Kbira,July,Surface,0,42,NA,NA,25.18
Kbira,July,Surface,0,40,NA,NA,25.22
Kbira,July,Surface,0,38,NA,NA,25.22
Kbira,July,Surface,0,36,NA,NA,25.13
Kbira,July,Surface,0,34,NA,NA,25.14
Kbira,July,Surface,0,32,NA,NA,25.12
Kbira,July,Surface,0,30,NA,NA,25.12
Kbira,July,Surface,0,28,NA,NA,25.15
Kbira,July,Surface,0,26,NA,NA,25.26
Kbira,July,Surface,0,24,NA,NA,25.32
Kbira,July,Surface,0,22,NA,NA,25.34
Kbira,July,Surface,0,20,NA,NA,25.39
Kbira,July,Surface,0,18,NA,NA,25.41
Kbira,July,Surface,0,16,NA,NA,25.41
Kbira,July,Surface,0,14,NA,NA,25.42
Kbira,July,Surface,0,12,NA,NA,25.39
Kbira,July,Surface,0,10,NA,NA,25.42
Kbira,July,Surface,0,8,NA,NA,25.47
Kbira,July,Surface,0,6,NA,NA,25.43
Kbira,July,Surface,0,4,NA,NA,25.29
Kbira,July,Surface,0,2,NA,NA,25.04
Kbira,July,Surface,0,0,NA,NA,25.08
Kbira,July,Surface,0,98,NA,NA,24.96
Kbira,July,Surface,0,96,NA,NA,24.98
Kbira,July,Surface,0,94,NA,NA,24.99
Kbira,July,Surface,0,92,NA,NA,25.01
Kbira,July,Surface,0,90,NA,NA,25.01
Kbira,July,Surface,0,88,NA,NA,25.02
Kbira,July,Surface,0,86,NA,NA,25.02
Kbira,July,Surface,0,84,NA,NA,25.02
Kbira,July,Surface,0,82,NA,NA,25.02
Kbira,July,Surface,0,80,NA,NA,25.01
Kbira,July,Surface,0,78,NA,NA,24.98
Kbira,July,Surface,0,76,NA,NA,24.86
Kbira,July,Surface,0,74,NA,NA,24.82
Kbira,July,Surface,0,72,NA,NA,24.9
Kbira,July,Surface,0,70,NA,NA,24.98
Kbira,July,Surface,0,68,NA,NA,25.02
Kbira,July,Surface,0,66,NA,NA,25.03
Kbira,July,Surface,0,64,NA,NA,24.89
Kbira,July,Surface,0,62,NA,NA,24.85
Kbira,July,Surface,0,60,NA,NA,24.92
Kbira,July,Surface,0,58,NA,NA,25.03
Kbira,July,Surface,0,56,NA,NA,25.07
Kbira,July,Surface,0,54,NA,NA,25.11
Kbira,July,Surface,0,52,NA,NA,25.14
Kbira,July,Surface,0,50,NA,NA,25.19
Kbira,July,Surface,0,48,NA,NA,25.21
Kbira,July,Surface,0,46,NA,NA,25.22
Kbira,July,Surface,0,44,NA,NA,25.27
Kbira,July,Surface,0,42,NA,NA,25.26
Kbira,July,Surface,0,40,NA,NA,25.21
Kbira,July,Surface,0,38,NA,NA,25.18
Kbira,July,Surface,0,36,NA,NA,25.18
Kbira,July,Surface,0,34,NA,NA,25.22
Kbira,July,Surface,0,32,NA,NA,25.25
Kbira,July,Surface,0,30,NA,NA,25.28
Kbira,July,Surface,0,28,NA,NA,25.26
Kbira,July,Surface,0,26,NA,NA,25.27
Kbira,July,Surface,0,24,NA,NA,25.26
Kbira,July,Surface,0,22,NA,NA,25.27
Kbira,July,Surface,0,20,NA,NA,25.3
Kbira,July,Surface,0,18,NA,NA,25.38
Kbira,July,Surface,0,16,NA,NA,25.43
Kbira,July,Surface,0,14,NA,NA,25.47
Kbira,July,Surface,0,12,NA,NA,25.51
Kbira,July,Surface,0,10,NA,NA,25.52
Kbira,July,Surface,0,8,NA,NA,25.56
Kbira,July,Surface,0,6,NA,NA,25.58
Kbira,July,Surface,0,4,NA,NA,25.61
Kbira,July,Surface,0,2,NA,NA,25.69
Kbira,July,Surface,0,0,NA,NA,25.89
Kbira,July,Surface,0,98,NA,NA,24.91
Kbira,July,Surface,0,96,NA,NA,24.87
Kbira,July,Surface,0,94,NA,NA,24.81
Kbira,July,Surface,0,92,NA,NA,24.78
Kbira,July,Surface,0,90,NA,NA,24.78
Kbira,July,Surface,0,88,NA,NA,24.91
Kbira,July,Surface,0,86,NA,NA,24.9
Kbira,July,Surface,0,84,NA,NA,24.91
Kbira,July,Surface,0,82,NA,NA,24.91
Kbira,July,Surface,0,80,NA,NA,24.94
Kbira,July,Surface,0,78,NA,NA,24.96
Kbira,July,Surface,0,76,NA,NA,24.94
Kbira,July,Surface,0,74,NA,NA,24.88
Kbira,July,Surface,0,72,NA,NA,24.87
Kbira,July,Surface,0,70,NA,NA,24.86
Kbira,July,Surface,0,68,NA,NA,24.84
Kbira,July,Surface,0,66,NA,NA,24.87
Kbira,July,Surface,0,64,NA,NA,25.1
Kbira,July,Surface,0,62,NA,NA,25.22
Kbira,July,Surface,0,60,NA,NA,25.26
Kbira,July,Surface,0,58,NA,NA,25.32
Kbira,July,Surface,0,56,NA,NA,25.32
Kbira,July,Surface,0,54,NA,NA,25.31
Kbira,July,Surface,0,52,NA,NA,25.33
Kbira,July,Surface,0,50,NA,NA,25.3
Kbira,July,Surface,0,48,NA,NA,25.31
Kbira,July,Surface,0,46,NA,NA,25.32
Kbira,July,Surface,0,44,NA,NA,25.3
Kbira,July,Surface,0,42,NA,NA,25.35
Kbira,July,Surface,0,40,NA,NA,25.42
Kbira,July,Surface,0,38,NA,NA,25.36
Kbira,July,Surface,0,36,NA,NA,25.32
Kbira,July,Surface,0,34,NA,NA,25.37
Kbira,July,Surface,0,32,NA,NA,25.38
Kbira,July,Surface,0,30,NA,NA,25.43
Kbira,July,Surface,0,28,NA,NA,25.51
Kbira,July,Surface,0,26,NA,NA,25.58
Kbira,July,Surface,0,24,NA,NA,25.61
Kbira,July,Surface,0,22,NA,NA,25.77
Kbira,July,Surface,0,20,NA,NA,26.05
Kbira,July,Surface,0,18,NA,NA,26.16
Kbira,July,Surface,0,16,NA,NA,26.27
Kbira,July,Surface,0,14,NA,NA,26.29
Kbira,July,Surface,0,12,NA,NA,26.34
Kbira,July,Surface,0,10,NA,NA,26.39
Kbira,July,Surface,0,8,NA,NA,26.42
Kbira,July,Surface,0,6,NA,NA,26.45
Kbira,July,Surface,0,4,NA,NA,26.48
Kbira,July,Surface,0,2,NA,NA,26.49
Kbira,July,Surface,0,0,NA,NA,26.5
Zghira,July,Surface,0,98,NA,NA,26.26
Zghira,July,Surface,0,96,NA,NA,26.24
Zghira,July,Surface,0,94,NA,NA,26.21
Zghira,July,Surface,0,92,NA,NA,26.18
Zghira,July,Surface,0,90,NA,NA,26.17
Zghira,July,Surface,0,88,NA,NA,26.16
Zghira,July,Surface,0,86,NA,NA,26.15
Zghira,July,Surface,0,84,NA,NA,26.14
Zghira,July,Surface,0,82,NA,NA,26.14
Zghira,July,Surface,0,80,NA,NA,26.14
Zghira,July,Surface,0,78,NA,NA,26.17
Zghira,July,Surface,0,76,NA,NA,26.14
Zghira,July,Surface,0,74,NA,NA,26.13
Zghira,July,Surface,0,72,NA,NA,26.11
Zghira,July,Surface,0,70,NA,NA,26.12
Zghira,July,Surface,0,68,NA,NA,26.13
Zghira,July,Surface,0,66,NA,NA,26.18
Zghira,July,Surface,0,64,NA,NA,26.16
Zghira,July,Surface,0,62,NA,NA,26.12
Zghira,July,Surface,0,60,NA,NA,26.1
Zghira,July,Surface,0,58,NA,NA,26.09
Zghira,July,Surface,0,56,NA,NA,26.09
Zghira,July,Surface,0,54,NA,NA,26.09
Zghira,July,Surface,0,52,NA,NA,26.09
Zghira,July,Surface,0,50,NA,NA,26.11
Zghira,July,Surface,0,48,NA,NA,26.12
Zghira,July,Surface,0,46,NA,NA,26.13
Zghira,July,Surface,0,44,NA,NA,26.14
Zghira,July,Surface,0,42,NA,NA,26.12
Zghira,July,Surface,0,40,NA,NA,26.12
Zghira,July,Surface,0,38,NA,NA,26.13
Zghira,July,Surface,0,36,NA,NA,26.12
Zghira,July,Surface,0,34,NA,NA,26.11
Zghira,July,Surface,0,32,NA,NA,26.11
Zghira,July,Surface,0,30,NA,NA,26.09
Zghira,July,Surface,0,28,NA,NA,26.09
Zghira,July,Surface,0,26,NA,NA,26.1
Zghira,July,Surface,0,24,NA,NA,26.09
Zghira,July,Surface,0,22,NA,NA,26.09
Zghira,July,Surface,0,20,NA,NA,26.09
Zghira,July,Surface,0,18,NA,NA,26.08
Zghira,July,Surface,0,16,NA,NA,26.09
Zghira,July,Surface,0,14,NA,NA,26.1
Zghira,July,Surface,0,12,NA,NA,26.12
Zghira,July,Surface,0,10,NA,NA,26.12
Zghira,July,Surface,0,8,NA,NA,26.29
Zghira,July,Surface,0,6,NA,NA,26.87
Zghira,July,Surface,0,4,NA,NA,26.88
Zghira,July,Surface,0,2,NA,NA,26.94
Zghira,July,Surface,0,0,NA,NA,27.75
Zghira,July,Surface,0,98,NA,NA,26.42
Zghira,July,Surface,0,96,NA,NA,26.45
Zghira,July,Surface,0,94,NA,NA,26.48
Zghira,July,Surface,0,92,NA,NA,26.46
Zghira,July,Surface,0,90,NA,NA,26.45
Zghira,July,Surface,0,88,NA,NA,26.44
Zghira,July,Surface,0,86,NA,NA,26.44
Zghira,July,Surface,0,84,NA,NA,26.45
Zghira,July,Surface,0,82,NA,NA,26.44
Zghira,July,Surface,0,80,NA,NA,26.42
Zghira,July,Surface,0,78,NA,NA,26.46
Zghira,July,Surface,0,76,NA,NA,26.51
Zghira,July,Surface,0,74,NA,NA,26.53
Zghira,July,Surface,0,72,NA,NA,26.54
Zghira,July,Surface,0,70,NA,NA,26.53
Zghira,July,Surface,0,68,NA,NA,25.56
Zghira,July,Surface,0,66,NA,NA,26.56
Zghira,July,Surface,0,64,NA,NA,26.56
Zghira,July,Surface,0,62,NA,NA,26.56
Zghira,July,Surface,0,60,NA,NA,26.56
Zghira,July,Surface,0,58,NA,NA,26.58
Zghira,July,Surface,0,56,NA,NA,26.59
Zghira,July,Surface,0,54,NA,NA,26.63
Zghira,July,Surface,0,52,NA,NA,26.62
Zghira,July,Surface,0,50,NA,NA,26.59
Zghira,July,Surface,0,48,NA,NA,26.64
Zghira,July,Surface,0,46,NA,NA,26.62
Zghira,July,Surface,0,44,NA,NA,26.53
Zghira,July,Surface,0,42,NA,NA,26.57
Zghira,July,Surface,0,40,NA,NA,26.55
Zghira,July,Surface,0,38,NA,NA,26.61
Zghira,July,Surface,0,36,NA,NA,26.61
Zghira,July,Surface,0,34,NA,NA,26.59
Zghira,July,Surface,0,32,NA,NA,26.63
Zghira,July,Surface,0,30,NA,NA,26.61
Zghira,July,Surface,0,28,NA,NA,26.57
Zghira,July,Surface,0,26,NA,NA,26.56
Zghira,July,Surface,0,24,NA,NA,26.63
Zghira,July,Surface,0,22,NA,NA,26.73
Zghira,July,Surface,0,20,NA,NA,26.97
Zghira,July,Surface,0,18,NA,NA,27.11
Zghira,July,Surface,0,16,NA,NA,27.15
Zghira,July,Surface,0,14,NA,NA,26.87
Zghira,July,Surface,0,12,NA,NA,26.71
Zghira,July,Surface,0,10,NA,NA,26.51
Zghira,July,Surface,0,8,NA,NA,26.47
Zghira,July,Surface,0,6,NA,NA,26.74
Zghira,July,Surface,0,4,NA,NA,26.83
Zghira,July,Surface,0,2,NA,NA,27.17
Zghira,July,Surface,0,0,NA,NA,27.29
Zghira,July,Surface,0,98,NA,NA,25.76
Zghira,July,Surface,0,96,NA,NA,26.01
Zghira,July,Surface,0,94,NA,NA,26.64
Zghira,July,Surface,0,92,NA,NA,26.08
Zghira,July,Surface,0,90,NA,NA,25.84
Zghira,July,Surface,0,88,NA,NA,26.24
Zghira,July,Surface,0,86,NA,NA,26.04
Zghira,July,Surface,0,84,NA,NA,26.26
Zghira,July,Surface,0,82,NA,NA,26.33
Zghira,July,Surface,0,80,NA,NA,26.36
Zghira,July,Surface,0,78,NA,NA,26.85
Zghira,July,Surface,0,76,NA,NA,27.22
Zghira,July,Surface,0,74,NA,NA,27.13
Zghira,July,Surface,0,72,NA,NA,26.86
Zghira,July,Surface,0,70,NA,NA,26.68
Zghira,July,Surface,0,68,NA,NA,26.82
Zghira,July,Surface,0,66,NA,NA,26.91
Zghira,July,Surface,0,64,NA,NA,27.33
Zghira,July,Surface,0,62,NA,NA,27.57
Zghira,July,Surface,0,60,NA,NA,27.36
Zghira,July,Surface,0,58,NA,NA,27.32
Zghira,July,Surface,0,56,NA,NA,27.14
Zghira,July,Surface,0,54,NA,NA,26.75
Zghira,July,Surface,0,52,NA,NA,27.27
Zghira,July,Surface,0,50,NA,NA,27.22
Zghira,July,Surface,0,48,NA,NA,26.87
Zghira,July,Surface,0,46,NA,NA,27.38
Zghira,July,Surface,0,44,NA,NA,27.11
Zghira,July,Surface,0,42,NA,NA,26.73
Zghira,July,Surface,0,40,NA,NA,27.59
Zghira,July,Surface,0,38,NA,NA,27.67
Zghira,July,Surface,0,36,NA,NA,27.13
Zghira,July,Surface,0,34,NA,NA,26.24
Zghira,July,Surface,0,32,NA,NA,27.17
Zghira,July,Surface,0,30,NA,NA,27.19
Zghira,July,Surface,0,28,NA,NA,26.94
Zghira,July,Surface,0,26,NA,NA,26.72
Zghira,July,Surface,0,24,NA,NA,26.73
Zghira,July,Surface,0,22,NA,NA,28.62
Zghira,July,Surface,0,20,NA,NA,28.12
Zghira,July,Surface,0,18,NA,NA,26.59
Zghira,July,Surface,0,16,NA,NA,26.1
Zghira,July,Surface,0,14,NA,NA,27.3
Zghira,July,Surface,0,12,NA,NA,27.63
Zghira,July,Surface,0,10,NA,NA,26.1
Zghira,July,Surface,0,8,NA,NA,26.68
Zghira,July,Surface,0,6,NA,NA,26.83
Zghira,July,Surface,0,4,NA,NA,27.63
Zghira,July,Surface,0,2,NA,NA,28.47
Zghira,July,Surface,0,0,NA,NA,28.34
Zghira,July,Surface,0,98,NA,NA,24.85
Zghira,July,Surface,0,96,NA,NA,24.98
Zghira,July,Surface,0,94,NA,NA,25.03
Zghira,July,Surface,0,92,NA,NA,24.99
Zghira,July,Surface,0,90,NA,NA,24.98
Zghira,July,Surface,0,88,NA,NA,25.01
Zghira,July,Surface,0,86,NA,NA,24.98
Zghira,July,Surface,0,84,NA,NA,24.94
Zghira,July,Surface,0,82,NA,NA,24.92
Zghira,July,Surface,0,80,NA,NA,24.93
Zghira,July,Surface,0,78,NA,NA,25.05
Zghira,July,Surface,0,76,NA,NA,25.12
Zghira,July,Surface,0,74,NA,NA,25.2
Zghira,July,Surface,0,72,NA,NA,25.22
Zghira,July,Surface,0,70,NA,NA,25.31
Zghira,July,Surface,0,68,NA,NA,25.38
Zghira,July,Surface,0,66,NA,NA,25.33
Zghira,July,Surface,0,64,NA,NA,25.29
Zghira,July,Surface,0,62,NA,NA,25.3
Zghira,July,Surface,0,60,NA,NA,25.28
Zghira,July,Surface,0,58,NA,NA,25.31
Zghira,July,Surface,0,56,NA,NA,25.37
Zghira,July,Surface,0,54,NA,NA,25.41
Zghira,July,Surface,0,52,NA,NA,25.46
Zghira,July,Surface,0,50,NA,NA,25.46
Zghira,July,Surface,0,48,NA,NA,25.48
Zghira,July,Surface,0,46,NA,NA,25.41
Zghira,July,Surface,0,44,NA,NA,25.41
Zghira,July,Surface,0,42,NA,NA,25.45
Zghira,July,Surface,0,40,NA,NA,25.47
Zghira,July,Surface,0,38,NA,NA,25.49
Zghira,July,Surface,0,36,NA,NA,25.31
Zghira,July,Surface,0,34,NA,NA,25.17
Zghira,July,Surface,0,32,NA,NA,25.05
Zghira,July,Surface,0,30,NA,NA,24.98
Zghira,July,Surface,0,28,NA,NA,24.96
Zghira,July,Surface,0,26,NA,NA,24.94
Zghira,July,Surface,0,24,NA,NA,24.93
Zghira,July,Surface,0,22,NA,NA,24.93
Zghira,July,Surface,0,20,NA,NA,24.91
Zghira,July,Surface,0,18,NA,NA,24.91
Zghira,July,Surface,0,16,NA,NA,24.92
Zghira,July,Surface,0,14,NA,NA,24.93
Zghira,July,Surface,0,12,NA,NA,24.94
Zghira,July,Surface,0,10,NA,NA,24.96
Zghira,July,Surface,0,8,NA,NA,24.96
Zghira,July,Surface,0,6,NA,NA,24.97
Zghira,July,Surface,0,4,NA,NA,25.29
Zghira,July,Surface,0,2,NA,NA,25.81
Zghira,July,Surface,0,0,NA,NA,26.38
Zghira,July,Surface,0,98,NA,NA,24.92
Zghira,July,Surface,0,96,NA,NA,24.92
Zghira,July,Surface,0,94,NA,NA,24.92
Zghira,July,Surface,0,92,NA,NA,24.91
Zghira,July,Surface,0,90,NA,NA,24.91
Zghira,July,Surface,0,88,NA,NA,24.92
Zghira,July,Surface,0,86,NA,NA,24.89
Zghira,July,Surface,0,84,NA,NA,24.9
Zghira,July,Surface,0,82,NA,NA,24.91
Zghira,July,Surface,0,80,NA,NA,24.92
Zghira,July,Surface,0,78,NA,NA,24.92
Zghira,July,Surface,0,76,NA,NA,24.91
Zghira,July,Surface,0,74,NA,NA,24.93
Zghira,July,Surface,0,72,NA,NA,24.93
Zghira,July,Surface,0,70,NA,NA,24.94
Zghira,July,Surface,0,68,NA,NA,24.94
Zghira,July,Surface,0,66,NA,NA,24.94
Zghira,July,Surface,0,64,NA,NA,24.94
Zghira,July,Surface,0,62,NA,NA,24.95
Zghira,July,Surface,0,60,NA,NA,24.95
Zghira,July,Surface,0,58,NA,NA,24.95
Zghira,July,Surface,0,56,NA,NA,24.96
Zghira,July,Surface,0,54,NA,NA,24.96
Zghira,July,Surface,0,52,NA,NA,24.96
Zghira,July,Surface,0,50,NA,NA,24.96
Zghira,July,Surface,0,48,NA,NA,24.96
Zghira,July,Surface,0,46,NA,NA,24.96
Zghira,July,Surface,0,44,NA,NA,24.95
Zghira,July,Surface,0,42,NA,NA,24.96
Zghira,July,Surface,0,40,NA,NA,24.96
Zghira,July,Surface,0,38,NA,NA,24.96
Zghira,July,Surface,0,36,NA,NA,24.97
Zghira,July,Surface,0,34,NA,NA,24.97
Zghira,July,Surface,0,32,NA,NA,24.97
Zghira,July,Surface,0,30,NA,NA,24.98
Zghira,July,Surface,0,28,NA,NA,24.96
Zghira,July,Surface,0,26,NA,NA,24.98
Zghira,July,Surface,0,24,NA,NA,24.99
Zghira,July,Surface,0,22,NA,NA,24.99
Zghira,July,Surface,0,20,NA,NA,25
Zghira,July,Surface,0,18,NA,NA,25.04
Zghira,July,Surface,0,16,NA,NA,25.05
Zghira,July,Surface,0,14,NA,NA,25.06
Zghira,July,Surface,0,12,NA,NA,25.07
Zghira,July,Surface,0,10,NA,NA,25.1
Zghira,July,Surface,0,8,NA,NA,25.21
Zghira,July,Surface,0,6,NA,NA,25.38
Zghira,July,Surface,0,4,NA,NA,25.48
Zghira,July,Surface,0,2,NA,NA,25.52
Zghira,July,Surface,0,0,NA,NA,25.52
Kbira,September,Surface,0,100,36.15,8.25,26.47
Kbira,September,Surface,0,98,36.15,8.25,26.47
Kbira,September,Surface,0,96,36.14,8.25,26.49
Kbira,September,Surface,0,94,36.14,8.25,26.49
Kbira,September,Surface,0,92,36.15,8.25,26.49
Kbira,September,Surface,0,90,36.16,8.25,26.48
Kbira,September,Surface,0,88,36.18,8.25,26.47
Kbira,September,Surface,0,86,36.18,8.25,26.46
Kbira,September,Surface,0,84,36.18,8.25,26.47
Kbira,September,Surface,0,82,36.19,8.25,26.47
Kbira,September,Surface,0,80,36.2,8.25,26.47
Kbira,September,Surface,0,78,36.2,8.25,26.47
Kbira,September,Surface,0,74,36.2,8.25,26.47
Kbira,September,Surface,0,72,36.21,8.25,26.47
Kbira,September,Surface,0,70,36.21,8.25,26.47
Kbira,September,Surface,0,68,36.22,8.25,26.47
Kbira,September,Surface,0,66,36.22,8.25,26.47
Kbira,September,Surface,0,64,36.23,8.25,26.46
Kbira,September,Surface,0,62,36.24,8.25,26.46
Kbira,September,Surface,0,60,36.24,8.25,26.45
Kbira,September,Surface,0,58,36.24,8.25,26.44
Kbira,September,Surface,0,56,36.24,8.25,26.44
Kbira,September,Surface,0,54,36.24,8.25,26.44
Kbira,September,Surface,0,52,36.24,8.25,26.44
Kbira,September,Surface,0,50,36.24,8.25,26.44
Kbira,September,Surface,0,48,36.23,8.25,26.44
Kbira,September,Surface,0,46,36.24,8.25,26.44
Kbira,September,Surface,0,44,36.24,8.25,26.44
Kbira,September,Surface,0,42,36.23,8.25,26.44
Kbira,September,Surface,0,40,36.24,8.25,26.43
Kbira,September,Surface,0,38,36.24,8.25,26.43
Kbira,September,Surface,0,36,36.23,8.24,26.43
Kbira,September,Surface,0,34,36.23,8.24,26.43
Kbira,September,Surface,0,32,36.23,8.24,26.44
Kbira,September,Surface,0,30,36.22,8.24,26.44
Kbira,September,Surface,0,28,36.21,8.24,26.46
Kbira,September,Surface,0,26,36.2,8.24,26.48
Kbira,September,Surface,0,24,36.2,8.24,26.48
Kbira,September,Surface,0,22,36.21,8.23,26.47
Kbira,September,Surface,0,20,36.21,8.23,26.48
Kbira,September,Surface,0,18,36.21,8.23,26.48
Kbira,September,Surface,0,16,36.21,8.23,26.49
Kbira,September,Surface,0,14,36.21,8.23,26.49
Kbira,September,Surface,0,12,36.21,8.22,26.51
Kbira,September,Surface,0,10,36.22,8.22,26.49
Kbira,September,Surface,0,8,36.21,8.22,26.51
Kbira,September,Surface,0,6,36.21,8.22,26.51
Kbira,September,Surface,0,4,36.2,8.21,26.53
Kbira,September,Surface,0,2,36.18,8.21,26.58
Kbira,September,Surface,0,0,36.17,8.2,26.6
Kbira,September,Surface,0,100,36.22,8.23,26.46
Kbira,September,Surface,0,98,36.22,8.23,26.46
Kbira,September,Surface,0,96,36.22,8.23,26.46
Kbira,September,Surface,0,94,36.23,8.23,26.46
Kbira,September,Surface,0,92,36.23,8.23,26.45
Kbira,September,Surface,0,90,36.22,8.22,26.46
Kbira,September,Surface,0,88,36.22,8.22,26.47
Kbira,September,Surface,0,86,36.21,8.22,26.48
Kbira,September,Surface,0,84,36.21,8.22,26.49
Kbira,September,Surface,0,82,36.21,8.22,26.49
Kbira,September,Surface,0,80,36.2,8.22,26.5
Kbira,September,Surface,0,78,36.2,8.22,26.51
Kbira,September,Surface,0,74,36.2,8.21,26.52
Kbira,September,Surface,0,72,36.2,8.21,26.52
Kbira,September,Surface,0,70,36.19,8.21,26.53
Kbira,September,Surface,0,68,36.2,8.21,26.53
Kbira,September,Surface,0,66,36.19,8.21,26.55
Kbira,September,Surface,0,64,36.19,8.2,26.56
Kbira,September,Surface,0,62,36.19,8.2,26.56
Kbira,September,Surface,0,60,36.21,8.2,26.56
Kbira,September,Surface,0,58,36.23,8.2,26.54
Kbira,September,Surface,0,56,36.23,8.2,26.54
Kbira,September,Surface,0,54,36.23,8.19,26.54
Kbira,September,Surface,0,52,36.22,8.19,26.57
Kbira,September,Surface,0,50,36.22,8.19,26.58
Kbira,September,Surface,0,48,36.22,8.19,26.59
Kbira,September,Surface,0,46,36.21,8.18,26.6
Kbira,September,Surface,0,44,36.21,8.18,26.61
Kbira,September,Surface,0,42,36.21,8.18,26.62
Kbira,September,Surface,0,40,36.21,8.18,26.63
Kbira,September,Surface,0,38,36.21,8.17,26.64
Kbira,September,Surface,0,36,36.22,8.17,26.64
Kbira,September,Surface,0,34,36.25,8.17,26.61
Kbira,September,Surface,0,32,36.26,8.17,26.59
Kbira,September,Surface,0,30,36.26,8.17,26.59
Kbira,September,Surface,0,28,36.26,8.17,26.59
Kbira,September,Surface,0,26,36.26,8.17,26.6
Kbira,September,Surface,0,24,36.26,8.17,26.59
Kbira,September,Surface,0,22,36.26,8.17,26.6
Kbira,September,Surface,0,20,36.25,8.17,26.61
Kbira,September,Surface,0,18,36.24,8.17,26.62
Kbira,September,Surface,0,16,36.23,8.17,26.63
Kbira,September,Surface,0,14,36.23,8.17,26.63
Kbira,September,Surface,0,12,36.23,8.17,26.63
Kbira,September,Surface,0,10,36.24,8.17,26.62
Kbira,September,Surface,0,8,36.25,8.16,26.6
Kbira,September,Surface,0,6,36.26,8.16,26.58
Kbira,September,Surface,0,4,36.27,8.16,26.56
Kbira,September,Surface,0,2,36.28,8.16,26.55
Kbira,September,Surface,0,0,36.28,8.16,26.54
Kbira,September,Surface,0,100,36.42,7.21,26.56
Kbira,September,Surface,0,98,36.4,7.21,26.58
Kbira,September,Surface,0,96,36.4,7.22,26.58
Kbira,September,Surface,0,94,36.38,7.22,26.59
Kbira,September,Surface,0,92,36.36,7.22,26.62
Kbira,September,Surface,0,90,36.29,7.22,26.69
Kbira,September,Surface,0,88,36.28,7.22,26.72
Kbira,September,Surface,0,86,36.25,7.23,26.75
Kbira,September,Surface,0,84,36.24,7.23,26.77
Kbira,September,Surface,0,82,36.23,7.23,26.78
Kbira,September,Surface,0,80,36.27,7.23,26.72
Kbira,September,Surface,0,78,36.27,7.23,26.72
Kbira,September,Surface,0,74,36.27,7.23,26.72
Kbira,September,Surface,0,72,36.27,7.24,26.71
Kbira,September,Surface,0,70,36.27,7.24,26.72
Kbira,September,Surface,0,68,36.27,7.24,26.72
Kbira,September,Surface,0,66,36.27,7.24,26.73
Kbira,September,Surface,0,64,36.31,7.25,26.69
Kbira,September,Surface,0,62,36.34,7.25,26.65
Kbira,September,Surface,0,60,36.36,7.25,26.63
Kbira,September,Surface,0,58,36.35,7.25,26.65
Kbira,September,Surface,0,56,36.34,7.25,26.67
Kbira,September,Surface,0,54,36.33,7.26,26.68
Kbira,September,Surface,0,52,36.32,7.26,26.71
Kbira,September,Surface,0,50,36.3,7.26,26.74
Kbira,September,Surface,0,48,36.27,7.26,26.78
Kbira,September,Surface,0,46,36.23,7.26,26.84
Kbira,September,Surface,0,44,36.23,7.27,26.86
Kbira,September,Surface,0,42,36.24,7.27,26.87
Kbira,September,Surface,0,40,36.25,7.27,26.86
Kbira,September,Surface,0,38,36.26,7.26,26.87
Kbira,September,Surface,0,36,36.27,7.28,26.88
Kbira,September,Surface,0,34,36.26,7.29,26.91
Kbira,September,Surface,0,32,36.27,7.29,26.93
Kbira,September,Surface,0,30,36.28,7.3,26.94
Kbira,September,Surface,0,28,36.28,7.3,26.94
Kbira,September,Surface,0,26,36.28,7.3,26.96
Kbira,September,Surface,0,24,36.27,7.31,26.99
Kbira,September,Surface,0,22,36.32,7.31,26.93
Kbira,September,Surface,0,20,36.35,7.31,26.89
Kbira,September,Surface,0,18,36.33,7.32,26.92
Kbira,September,Surface,0,16,36.38,7.32,26.86
Kbira,September,Surface,0,14,36.39,7.32,26.83
Kbira,September,Surface,0,12,36.37,7.32,26.86
Kbira,September,Surface,0,10,36.37,7.32,26.83
Kbira,September,Surface,0,8,36.41,7.33,26.76
Kbira,September,Surface,0,6,36.45,7.33,26.68
Kbira,September,Surface,0,4,36.47,7.34,26.62
Kbira,September,Surface,0,2,36.43,7.34,26.63
Kbira,September,Surface,0,0,36.42,7.34,26.62
Kbira,September,Surface,0,100,36.25,8.08,26.83
Kbira,September,Surface,0,98,36.27,8.08,26.81
Kbira,September,Surface,0,96,36.28,8.08,26.79
Kbira,September,Surface,0,94,36.29,8.08,26.78
Kbira,September,Surface,0,92,36.32,8.08,26.73
Kbira,September,Surface,0,90,36.34,8.09,26.69
Kbira,September,Surface,0,88,36.37,8.09,26.64
Kbira,September,Surface,0,86,36.37,8.08,26.64
Kbira,September,Surface,0,84,36.36,8.08,26.63
Kbira,September,Surface,0,82,36.24,8.07,26.79
Kbira,September,Surface,0,80,36.19,8.07,26.86
Kbira,September,Surface,0,78,36.17,8.07,26.89
Kbira,September,Surface,0,74,36.16,8.06,26.91
Kbira,September,Surface,0,72,36.15,8.06,26.92
Kbira,September,Surface,0,70,36.15,8.06,26.93
Kbira,September,Surface,0,68,36.14,8.06,26.94
Kbira,September,Surface,0,66,36.16,8.05,26.93
Kbira,September,Surface,0,64,36.16,8.05,26.94
Kbira,September,Surface,0,62,36.16,8.05,26.94
Kbira,September,Surface,0,60,36.16,8.05,26.94
Kbira,September,Surface,0,58,36.17,8.05,26.94
Kbira,September,Surface,0,56,36.18,8.04,26.95
Kbira,September,Surface,0,54,36.18,8.04,26.97
Kbira,September,Surface,0,52,36.2,8.04,26.97
Kbira,September,Surface,0,50,36.21,8.03,27.01
Kbira,September,Surface,0,48,36.2,8.03,27.04
Kbira,September,Surface,0,46,36.21,8.03,27.05
Kbira,September,Surface,0,44,36.22,8.02,27.04
Kbira,September,Surface,0,42,36.26,8.03,26.99
Kbira,September,Surface,0,40,36.26,8.03,27.01
Kbira,September,Surface,0,38,36.23,8.03,27.06
Kbira,September,Surface,0,36,36.22,8.03,27.08
Kbira,September,Surface,0,34,36.2,8.02,27.12
Kbira,September,Surface,0,32,36.17,8.02,27.17
Kbira,September,Surface,0,30,36.18,8.02,27.18
Kbira,September,Surface,0,28,36.25,8.02,27.1
Kbira,September,Surface,0,26,36.39,8.02,26.9
Kbira,September,Surface,0,24,36.45,8.03,26.8
Kbira,September,Surface,0,22,36.49,8.03,26.71
Kbira,September,Surface,0,20,36.5,8.03,26.67
Kbira,September,Surface,0,18,36.45,8.02,26.7
Kbira,September,Surface,0,16,36.4,8.02,26.73
Kbira,September,Surface,0,14,36.35,8.02,26.75
Kbira,September,Surface,0,12,36.31,8.02,26.77
Kbira,September,Surface,0,10,36.27,8.01,26.77
Kbira,September,Surface,0,8,36.27,8.01,26.74
Kbira,September,Surface,0,6,36.27,8.01,26.71
Kbira,September,Surface,0,4,36.28,8.01,26.69
Kbira,September,Surface,0,2,36.32,8.01,26.64
Kbira,September,Surface,0,0,36.33,8.01,26.62
Kbira,September,Surface,0,100,36.3,8.19,26.85
Kbira,September,Surface,0,98,36.28,8.19,26.87
Kbira,September,Surface,0,96,36.26,8.19,26.9
Kbira,September,Surface,0,94,36.23,8.18,26.95
Kbira,September,Surface,0,92,36.22,8.18,26.97
Kbira,September,Surface,0,90,36.21,8.17,26.99
Kbira,September,Surface,0,88,36.18,8.17,27.03
Kbira,September,Surface,0,86,36.17,8.17,27.06
Kbira,September,Surface,0,84,36.16,8.16,27.08
Kbira,September,Surface,0,82,36.16,8.16,27.07
Kbira,September,Surface,0,80,36.18,8.17,27.05
Kbira,September,Surface,0,78,36.19,8.16,27.04
Kbira,September,Surface,0,74,36.19,8.16,27.04
Kbira,September,Surface,0,72,36.19,8.16,27.04
Kbira,September,Surface,0,70,36.19,8.16,27.06
Kbira,September,Surface,0,68,36.19,8.16,27.06
Kbira,September,Surface,0,66,36.16,8.15,27.07
Kbira,September,Surface,0,64,36.2,8.15,27.08
Kbira,September,Surface,0,62,36.2,8.15,27.1
Kbira,September,Surface,0,60,36.2,8.15,27.12
Kbira,September,Surface,0,58,36.2,8.15,27.13
Kbira,September,Surface,0,56,36.22,8.15,27.12
Kbira,September,Surface,0,54,36.24,8.15,27.09
Kbira,September,Surface,0,52,36.26,8.15,27.07
Kbira,September,Surface,0,50,36.27,8.15,27.07
Kbira,September,Surface,0,48,36.29,8.16,27.03
Kbira,September,Surface,0,46,36.32,8.16,26.98
Kbira,September,Surface,0,44,36.31,8.16,26.99
Kbira,September,Surface,0,42,36.3,8.16,27
Kbira,September,Surface,0,40,36.3,8.16,27
Kbira,September,Surface,0,38,36.3,8.16,27
Kbira,September,Surface,0,36,36.3,8.16,26.99
Kbira,September,Surface,0,34,36.33,8.16,26.94
Kbira,September,Surface,0,32,36.32,8.16,26.95
Kbira,September,Surface,0,30,36.35,8.16,26.88
Kbira,September,Surface,0,28,36.37,8.16,26.84
Kbira,September,Surface,0,26,36.37,8.16,26.79
Kbira,September,Surface,0,24,36.37,8.16,26.76
Kbira,September,Surface,0,22,36.39,8.16,26.68
Kbira,September,Surface,0,20,36.38,8.16,26.67
Kbira,September,Surface,0,18,36.32,8.15,26.72
Kbira,September,Surface,0,16,36.27,8.15,26.76
Kbira,September,Surface,0,14,36.26,8.15,26.75
Kbira,September,Surface,0,12,36.25,8.15,26.73
Kbira,September,Surface,0,10,36.28,8.15,26.68
Kbira,September,Surface,0,8,36.29,8.15,26.66
Kbira,September,Surface,0,6,36.3,8.15,26.63
Kbira,September,Surface,0,4,36.3,8.15,26.62
Kbira,September,Surface,0,2,36.3,8.15,26.61
Kbira,September,Surface,0,0,36.29,8.14,26.62
Zghira,September,Surface,0,100,36.19,7.2,28.41
Zghira,September,Surface,0,98,36.23,7.2,28.34
Zghira,September,Surface,0,96,36.23,7.2,28.33
Zghira,September,Surface,0,94,36.15,7.2,28.43
Zghira,September,Surface,0,92,36.13,7.2,28.46
Zghira,September,Surface,0,90,36.07,7.2,28.54
Zghira,September,Surface,0,88,36.04,7.2,28.58
Zghira,September,Surface,0,86,36.04,7.2,28.61
Zghira,September,Surface,0,84,36.07,7.2,28.58
Zghira,September,Surface,0,82,36.1,7.2,28.56
Zghira,September,Surface,0,80,36.12,7.2,28.54
Zghira,September,Surface,0,78,36.12,7.2,28.57
Zghira,September,Surface,0,74,36.16,7.2,28.54
Zghira,September,Surface,0,72,36.16,7.2,28.55
Zghira,September,Surface,0,70,36.18,7.2,28.53
Zghira,September,Surface,0,68,36.17,7.2,28.54
Zghira,September,Surface,0,66,36.18,7.2,28.53
Zghira,September,Surface,0,64,36.17,7.2,28.53
Zghira,September,Surface,0,62,36.17,7.21,28.52
Zghira,September,Surface,0,60,36.16,7.21,28.53
Zghira,September,Surface,0,58,36.16,7.2,28.53
Zghira,September,Surface,0,56,36.15,7.2,28.54
Zghira,September,Surface,0,54,36.14,7.2,28.56
Zghira,September,Surface,0,52,36.13,7.2,28.57
Zghira,September,Surface,0,50,36.14,7.2,28.56
Zghira,September,Surface,0,48,36.16,7.21,28.53
Zghira,September,Surface,0,46,36.16,7.21,28.53
Zghira,September,Surface,0,44,36.15,7.21,28.55
Zghira,September,Surface,0,42,36.18,7.21,28.51
Zghira,September,Surface,0,40,36.19,7.21,28.48
Zghira,September,Surface,0,38,36.17,7.21,28.51
Zghira,September,Surface,0,36,36.17,7.21,28.5
Zghira,September,Surface,0,34,36.17,7.21,28.49
Zghira,September,Surface,0,32,36.17,7.21,28.49
Zghira,September,Surface,0,30,36.18,7.21,28.47
Zghira,September,Surface,0,28,36.19,7.21,28.44
Zghira,September,Surface,0,26,36.04,7.2,28.66
Zghira,September,Surface,0,24,36.03,7.2,28.69
Zghira,September,Surface,0,22,36.09,7.21,28.62
Zghira,September,Surface,0,20,36.17,7.21,28.51
Zghira,September,Surface,0,18,36.13,7.21,28.57
Zghira,September,Surface,0,16,36.17,7.21,28.52
Zghira,September,Surface,0,14,36.17,7.21,28.51
Zghira,September,Surface,0,12,36.12,7.21,28.59
Zghira,September,Surface,0,10,36.07,7.2,28.68
Zghira,September,Surface,0,8,35.98,7.2,28.84
Zghira,September,Surface,0,6,36.07,7.2,28.74
Zghira,September,Surface,0,4,36.14,7.21,28.64
Zghira,September,Surface,0,2,36.05,7.2,28.77
Zghira,September,Surface,0,0,36.96,7.2,28.94
Zghira,September,Surface,0,100,36.08,7.81,28.61
Zghira,September,Surface,0,98,36.09,7.8,28.6
Zghira,September,Surface,0,96,36.1,7.8,28.6
Zghira,September,Surface,0,94,36.11,7.8,28.59
Zghira,September,Surface,0,92,36.13,7.8,28.58
Zghira,September,Surface,0,90,36.14,7.8,28.58
Zghira,September,Surface,0,88,36.14,7.8,28.58
Zghira,September,Surface,0,86,36.15,7.79,28.59
Zghira,September,Surface,0,84,36.15,7.79,28.61
Zghira,September,Surface,0,82,36.11,7.78,28.68
Zghira,September,Surface,0,80,36.08,7.77,28.76
Zghira,September,Surface,0,78,36.11,7.77,28.74
Zghira,September,Surface,0,74,36.15,7.77,28.69
Zghira,September,Surface,0,72,36.24,7.77,28.56
Zghira,September,Surface,0,70,36.23,7.77,28.58
Zghira,September,Surface,0,68,36.15,7.76,28.69
Zghira,September,Surface,0,66,36.11,7.75,28.77
Zghira,September,Surface,0,64,36.13,7.75,28.76
Zghira,September,Surface,0,62,36.14,7.75,28.76
Zghira,September,Surface,0,60,36.16,7.74,28.74
Zghira,September,Surface,0,58,36.14,7.74,28.77
Zghira,September,Surface,0,56,36.09,7.74,28.86
Zghira,September,Surface,0,54,35.98,7.73,29.04
Zghira,September,Surface,0,52,36.15,7.73,28.86
Zghira,September,Surface,0,50,35.396,7.72,29.17
Zghira,September,Surface,0,48,36.02,7.71,29.13
Zghira,September,Surface,0,46,35.9,7.7,29.34
Zghira,September,Surface,0,44,35.92,7.7,29.38
Zghira,September,Surface,0,42,35.89,7.68,29.51
Zghira,September,Surface,0,40,35.98,7.68,29.47
Zghira,September,Surface,0,38,36.12,7.68,29.33
Zghira,September,Surface,0,36,36.32,7.69,29.07
Zghira,September,Surface,0,34,36.29,7.69,29.13
Zghira,September,Surface,0,32,36.12,7.67,29.39
Zghira,September,Surface,0,30,36.28,7.66,29.2
Zghira,September,Surface,0,28,36.3,7.64,30.04
Zghira,September,Surface,0,26,36.25,7.64,30.04
Zghira,September,Surface,0,24,36.23,7.65,29.89
Zghira,September,Surface,0,22,35.85,7.67,29.3
Zghira,September,Surface,0,20,36.11,7.67,29.04
Zghira,September,Surface,0,18,36.2,7.67,29.06
Zghira,September,Surface,0,16,36.15,7.67,29.12
Zghira,September,Surface,0,14,36.02,7.66,29.32
Zghira,September,Surface,0,12,36.08,7.66,29.27
Zghira,September,Surface,0,10,36.8,7.65,29.29
Zghira,September,Surface,0,8,35.92,7.64,29.56
Zghira,September,Surface,0,6,36.03,7.365,29.44
Zghira,September,Surface,0,4,36.15,7.65,29.31
Zghira,September,Surface,0,2,36.01,7.64,29.54
Zghira,September,Surface,0,0,36.09,7.64,29.48
Zghira,September,Surface,0,100,36.37,7.57,27.83
Zghira,September,Surface,0,98,36.32,7.65,27.82
Zghira,September,Surface,0,96,36.14,7.7,28.04
Zghira,September,Surface,0,94,36.2,7.74,27.94
Zghira,September,Surface,0,92,36.3,7.79,27.78
Zghira,September,Surface,0,90,36.32,7.81,27.72
Zghira,September,Surface,0,88,36.24,7.76,28.87
Zghira,September,Surface,0,86,36.21,7.77,27.73
Zghira,September,Surface,0,84,36.1,7.777,28.91
Zghira,September,Surface,0,82,36.49,7.81,28.34
Zghira,September,Surface,0,80,36.44,7.82,28.36
Zghira,September,Surface,0,78,36.05,7.79,28.89
Zghira,September,Surface,0,74,36.22,7.8,28.67
Zghira,September,Surface,0,72,36.14,7.8,28.74
Zghira,September,Surface,0,70,36.44,7.83,28.32
Zghira,September,Surface,0,68,36.36,7.78,29.1
Zghira,September,Surface,0,66,36.34,7.8,28.73
Zghira,September,Surface,0,64,36.07,7.76,29.12
Zghira,September,Surface,0,62,35.94,7.75,29.39
Zghira,September,Surface,0,60,36.35,7.73,29.62
Zghira,September,Surface,0,58,36.13,7.76,28.76
Zghira,September,Surface,0,56,36.19,7.75,29.36
Zghira,September,Surface,0,54,36.24,7.7,30.01
Zghira,September,Surface,0,52,35.68,7.73,29.53
Zghira,September,Surface,0,50,36.14,7.74,29.15
Zghira,September,Surface,0,48,36.05,7.7,29.65
Zghira,September,Surface,0,46,36.27,7.65,30.29
Zghira,September,Surface,0,44,36.41,7.66,30.04
Zghira,September,Surface,0,42,36.44,7.66,29.93
Zghira,September,Surface,0,40,36.03,7.7,29.39
Zghira,September,Surface,0,38,36.29,7.63,30.44
Zghira,September,Surface,0,36,34.27,7.65,29.99
Zghira,September,Surface,0,34,35.65,7.68,29.91
Zghira,September,Surface,0,32,36.13,7.68,29.24
Zghira,September,Surface,0,30,36.11,7.75,28.26
Zghira,September,Surface,0,28,36.16,7.72,28.75
Zghira,September,Surface,0,26,36.43,7.62,30.35
Zghira,September,Surface,0,24,36.61,7.64,30.13
Zghira,September,Surface,0,22,36.28,7.61,29.73
Zghira,September,Surface,0,20,36.27,7.6,30.33
Zghira,September,Surface,0,18,36.34,7.57,30.13
Zghira,September,Surface,0,16,35.68,7.57,30.74
Zghira,September,Surface,0,14,36.28,7.57,30.39
Zghira,September,Surface,0,12,36.12,7.57,30.41
Zghira,September,Surface,0,10,35.53,7.54,30.74
Zghira,September,Surface,0,8,36.23,7.52,30.96
Zghira,September,Surface,0,6,36.21,7.52,30.97
Zghira,September,Surface,0,4,36.22,7.51,30.97
Zghira,September,Surface,0,2,36.22,7.5,30.97
Zghira,September,Surface,0,0,36.22,7.5,30.97
Zghira,September,Surface,0,100,36.22,8.11,27.02
Zghira,September,Surface,0,98,36.21,8.11,27.02
Zghira,September,Surface,0,96,36.21,8.11,27.03
Zghira,September,Surface,0,94,36.2,8.11,27.04
Zghira,September,Surface,0,92,36.21,8.11,27.03
Zghira,September,Surface,0,90,36.21,8.11,27.03
Zghira,September,Surface,0,88,36.21,8.11,27.03
Zghira,September,Surface,0,86,36.22,8.11,27.02
Zghira,September,Surface,0,84,36.22,8.11,27.02
Zghira,September,Surface,0,82,36.22,8.1,27.03
Zghira,September,Surface,0,80,36.22,8.1,27.03
Zghira,September,Surface,0,78,36.21,8.1,27.03
Zghira,September,Surface,0,74,36.21,8.1,27.02
Zghira,September,Surface,0,72,36.21,8.1,27.03
Zghira,September,Surface,0,70,36.21,8.1,27.02
Zghira,September,Surface,0,68,36.22,8.1,27.01
Zghira,September,Surface,0,66,36.22,8.1,27.01
Zghira,September,Surface,0,64,36.21,8.1,27.02
Zghira,September,Surface,0,62,36.23,8.1,27
Zghira,September,Surface,0,60,36.23,8.1,27
Zghira,September,Surface,0,58,36.22,8.1,27.01
Zghira,September,Surface,0,56,36.21,8.1,27.02
Zghira,September,Surface,0,54,36.22,8.09,27.01
Zghira,September,Surface,0,52,36.22,8.09,27
Zghira,September,Surface,0,50,36.23,8.09,26.99
Zghira,September,Surface,0,48,36.23,8.09,26.99
Zghira,September,Surface,0,46,36.24,8.09,26.98
Zghira,September,Surface,0,44,36.23,8.09,26.98
Zghira,September,Surface,0,42,36.22,8.09,26.99
Zghira,September,Surface,0,40,36.21,8.08,27.01
Zghira,September,Surface,0,38,36.21,8.08,27.01
Zghira,September,Surface,0,36,36.22,8.08,26.99
Zghira,September,Surface,0,34,36.24,8.08,26.96
Zghira,September,Surface,0,32,36.25,8.08,26.95
Zghira,September,Surface,0,30,36.24,8.08,26.95
Zghira,September,Surface,0,28,36.26,8.08,26.92
Zghira,September,Surface,0,26,36.27,8.08,26.91
Zghira,September,Surface,0,24,36.26,8.07,26.91
Zghira,September,Surface,0,22,36.25,8.07,26.91
Zghira,September,Surface,0,20,36.25,8.07,26.9
Zghira,September,Surface,0,18,36.25,8.07,26.89
Zghira,September,Surface,0,16,36.25,8.07,26.89
Zghira,September,Surface,0,14,36.24,8.07,26.89
Zghira,September,Surface,0,12,36.23,8.06,26.9
Zghira,September,Surface,0,10,36.24,8.06,26.88
Zghira,September,Surface,0,8,36.24,8.06,26.87
Zghira,September,Surface,0,6,36.24,8.06,26.87
Zghira,September,Surface,0,4,36.26,8.06,26.84
Zghira,September,Surface,0,2,36.29,8.07,26.79
Zghira,September,Surface,0,0,36.32,8.07,26.74
Zghira,September,Surface,0,100,36.2,8.13,27.04
Zghira,September,Surface,0,98,36.2,8.13,27.04
Zghira,September,Surface,0,96,36.2,8.13,27.04
Zghira,September,Surface,0,94,36.2,8.13,27.04
Zghira,September,Surface,0,92,36.21,8.12,27.03
Zghira,September,Surface,0,90,36.22,8.12,27.02
Zghira,September,Surface,0,88,36.21,8.12,27.02
Zghira,September,Surface,0,86,36.2,8.12,27.03
Zghira,September,Surface,0,84,36.2,8.12,27.04
Zghira,September,Surface,0,82,36.19,8.11,27.06
Zghira,September,Surface,0,80,36.18,8.11,27.06
Zghira,September,Surface,0,78,36.18,8.11,27.07
Zghira,September,Surface,0,74,36.18,8.11,27.07
Zghira,September,Surface,0,72,36.17,8.11,27.08
Zghira,September,Surface,0,70,36.18,8.1,27.08
Zghira,September,Surface,0,68,36.18,8.1,27.08
Zghira,September,Surface,0,66,36.18,8.1,27.08
Zghira,September,Surface,0,64,36.18,8.1,27.08
Zghira,September,Surface,0,62,36.19,8.09,27.08
Zghira,September,Surface,0,60,36.19,8.09,27.08
Zghira,September,Surface,0,58,36.19,8.09,27.08
Zghira,September,Surface,0,56,36.19,8.09,27.08
Zghira,September,Surface,0,54,36.19,8.09,27.08
Zghira,September,Surface,0,52,36.19,8.09,27.08
Zghira,September,Surface,0,50,36.19,8.09,27.09
Zghira,September,Surface,0,48,36.19,8.09,27.09
Zghira,September,Surface,0,46,36.2,8.08,27.09
Zghira,September,Surface,0,44,36.21,8.08,27.09
Zghira,September,Surface,0,42,36.2,8.08,27.09
Zghira,September,Surface,0,40,36.2,8.08,27.1
Zghira,September,Surface,0,38,36.2,8.07,27.11
Zghira,September,Surface,0,36,36.2,8.07,27.1
Zghira,September,Surface,0,34,36.2,8.07,27.1
Zghira,September,Surface,0,32,36.21,8.07,27.09
Zghira,September,Surface,0,30,36.2,8.06,27.1
Zghira,September,Surface,0,28,36.2,8.06,27.11
Zghira,September,Surface,0,26,36.21,8.06,27.09
Zghira,September,Surface,0,24,36.23,8.06,27.07
Zghira,September,Surface,0,22,36.24,8.06,27.04
Zghira,September,Surface,0,20,36.25,8.06,27.02
Zghira,September,Surface,0,18,36.21,8.05,27.06
Zghira,September,Surface,0,16,36.21,8.05,27.06
Zghira,September,Surface,0,14,36.21,8.04,27.05
Zghira,September,Surface,0,12,36.2,8.04,27.06
Zghira,September,Surface,0,10,36.2,8.04,27.07
Zghira,September,Surface,0,8,36.19,8.04,27.07
Zghira,September,Surface,0,6,36.19,8.04,27.07
Zghira,September,Surface,0,4,36.21,8.04,27.03
Zghira,September,Surface,0,2,36.32,8.05,26.88
Zghira,September,Surface,0,0,1.59,8.05,26.77
Kbira,February,Surface,0,100,36.08,8.54,15.2
Kbira,February,Surface,0,98,36.08,8.54,15.2
Kbira,February,Surface,0,96,36.08,8.54,15.2
Kbira,February,Surface,0,94,36.08,8.54,15.2
Kbira,February,Surface,0,92,36.08,8.54,15.2
Kbira,February,Surface,0,90,36.08,8.54,15.2
Kbira,February,Surface,0,88,36.09,8.55,15.2
Kbira,February,Surface,0,86,36.08,8.55,15.21
Kbira,February,Surface,0,84,36.08,8.55,15.21
Kbira,February,Surface,0,82,36.09,8.55,15.2
Kbira,February,Surface,0,80,36.08,8.55,15.21
Kbira,February,Surface,0,78,36.09,8.55,15.21
Kbira,February,Surface,0,74,36.09,8.55,15.21
Kbira,February,Surface,0,72,36.09,8.56,15.21
Kbira,February,Surface,0,70,36.09,8.56,15.21
Kbira,February,Surface,0,68,36.09,8.56,15.21
Kbira,February,Surface,0,66,36.1,8.56,15.2
Kbira,February,Surface,0,64,36.1,8.56,15.2
Kbira,February,Surface,0,62,36.1,8.56,15.2
Kbira,February,Surface,0,60,36.11,8.56,15.2
Kbira,February,Surface,0,58,36.1,8.56,15.21
Kbira,February,Surface,0,56,36.11,8.57,15.21
Kbira,February,Surface,0,54,36.11,8.57,15.21
Kbira,February,Surface,0,52,36.1,8.57,15.21
Kbira,February,Surface,0,50,36.1,8.57,15.22
Kbira,February,Surface,0,48,36.1,8.57,15.22
Kbira,February,Surface,0,46,36.1,8.57,15.22
Kbira,February,Surface,0,44,36.09,8.57,15.23
Kbira,February,Surface,0,42,36.09,8.57,15.23
Kbira,February,Surface,0,40,36.08,8.57,15.24
Kbira,February,Surface,0,38,36.08,8.58,15.24
Kbira,February,Surface,0,36,36.08,8.57,15.24
Kbira,February,Surface,0,34,36.08,8.58,15.24
Kbira,February,Surface,0,32,36.08,8.58,15.24
Kbira,February,Surface,0,30,36.08,8.58,15.24
Kbira,February,Surface,0,28,36.07,8.58,15.25
Kbira,February,Surface,0,26,36.07,8.58,15.25
Kbira,February,Surface,0,24,36.07,8.59,15.25
Kbira,February,Surface,0,22,36.06,8.59,15.26
Kbira,February,Surface,0,20,36.04,8.24,15.26
Kbira,February,Surface,0,18,36.03,8.24,15.25
Kbira,February,Surface,0,16,36.04,8.24,15.26
Kbira,February,Surface,0,14,36.04,8.24,15.27
Kbira,February,Surface,0,12,36.05,8.23,15.27
Kbira,February,Surface,0,10,36.05,8.23,15.27
Kbira,February,Surface,0,8,36.05,8.23,15.28
Kbira,February,Surface,0,6,36.05,8.23,15.28
Kbira,February,Surface,0,4,36.06,8.23,15.27
Kbira,February,Surface,0,2,36.07,8.23,15.28
Kbira,February,Surface,0,0,36.07,8.23,15.29
Kbira,February,Surface,0,100,36.03,8.25,15.41
Kbira,February,Surface,0,98,36.03,8.25,15.4
Kbira,February,Surface,0,96,36.04,8.26,15.39
Kbira,February,Surface,0,94,36.05,8.26,15.38
Kbira,February,Surface,0,92,36.06,8.26,15.37
Kbira,February,Surface,0,90,36.06,8.27,15.37
Kbira,February,Surface,0,88,36.07,8.27,15.36
Kbira,February,Surface,0,86,36.11,8.27,15.32
Kbira,February,Surface,0,84,36.12,8.27,15.31
Kbira,February,Surface,0,82,36.13,8.28,15.3
Kbira,February,Surface,0,80,36.12,8.28,15.32
Kbira,February,Surface,0,78,36.12,8.28,15.32
Kbira,February,Surface,0,74,36.13,8.28,15.31
Kbira,February,Surface,0,72,36.08,8.28,15.36
Kbira,February,Surface,0,70,36.06,8.28,15.39
Kbira,February,Surface,0,68,36.05,8.28,15.39
Kbira,February,Surface,0,66,36.05,8.28,15.39
Kbira,February,Surface,0,64,36.05,8.28,15.38
Kbira,February,Surface,0,62,36.04,8.28,15.38
Kbira,February,Surface,0,60,36.04,8.29,15.38
Kbira,February,Surface,0,58,36.02,8.29,15.39
Kbira,February,Surface,0,56,36.02,8.29,15.39
Kbira,February,Surface,0,54,36.02,8.3,15.38
Kbira,February,Surface,0,52,36.02,8.3,15.38
Kbira,February,Surface,0,50,36.01,8.3,15.38
Kbira,February,Surface,0,48,36,8.3,15.38
Kbira,February,Surface,0,46,36.01,8.31,15.37
Kbira,February,Surface,0,44,36.01,8.31,15.36
Kbira,February,Surface,0,42,36.01,8.32,15.37
Kbira,February,Surface,0,40,36,8.32,15.37
Kbira,February,Surface,0,38,36.01,8.32,15.36
Kbira,February,Surface,0,36,36.03,8.33,15.33
Kbira,February,Surface,0,34,36.06,8.33,15.31
Kbira,February,Surface,0,32,36.08,8.34,15.28
Kbira,February,Surface,0,30,36.09,8.34,15.27
Kbira,February,Surface,0,28,36.1,8.34,15.26
Kbira,February,Surface,0,26,36.12,8.35,15.24
Kbira,February,Surface,0,24,36.12,8.35,15.24
Kbira,February,Surface,0,22,36.13,8.35,15.24
Kbira,February,Surface,0,20,36.13,8.35,15.24
Kbira,February,Surface,0,18,36.13,8.35,15.24
Kbira,February,Surface,0,16,36.13,8.35,15.24
Kbira,February,Surface,0,14,36.13,8.36,15.24
Kbira,February,Surface,0,12,36.13,8.36,15.24
Kbira,February,Surface,0,10,36.13,8.36,15.25
Kbira,February,Surface,0,8,36.12,8.36,15.26
Kbira,February,Surface,0,6,36.11,8.36,15.27
Kbira,February,Surface,0,4,36.09,8.36,15.28
Kbira,February,Surface,0,2,36.08,8.36,15.29
Kbira,February,Surface,0,0,36.06,8.36,15.31
Kbira,February,Surface,0,100,36.08,8.05,15.36
Kbira,February,Surface,0,98,36.08,8.05,15.36
Kbira,February,Surface,0,96,36.07,8.05,15.38
Kbira,February,Surface,0,94,36.07,8.05,15.38
Kbira,February,Surface,0,92,36.06,8.06,15.38
Kbira,February,Surface,0,90,36.07,8.06,15.38
Kbira,February,Surface,0,88,36.06,8.06,15.39
Kbira,February,Surface,0,86,36.06,8.06,15.39
Kbira,February,Surface,0,84,36.06,8.06,15.38
Kbira,February,Surface,0,82,36.07,8.06,15.38
Kbira,February,Surface,0,80,36.07,8.07,15.38
Kbira,February,Surface,0,78,36.07,8.07,15.38
Kbira,February,Surface,0,74,36.08,8.07,15.37
Kbira,February,Surface,0,72,36.09,8.07,15.36
Kbira,February,Surface,0,70,36.08,8.07,15.37
Kbira,February,Surface,0,68,36.08,8.07,15.37
Kbira,February,Surface,0,66,36.08,8.08,15.37
Kbira,February,Surface,0,64,36.08,8.08,15.36
Kbira,February,Surface,0,62,36.08,8.08,15.35
Kbira,February,Surface,0,60,36.08,8.08,15.35
Kbira,February,Surface,0,58,36.07,8.08,15.36
Kbira,February,Surface,0,56,36.06,8.09,15.37
Kbira,February,Surface,0,54,36.05,8.09,15.37
Kbira,February,Surface,0,52,36.05,8.09,15.37
Kbira,February,Surface,0,50,36.03,8.1,15.38
Kbira,February,Surface,0,48,36,8.1,15.41
Kbira,February,Surface,0,46,35.99,8.1,15.41
Kbira,February,Surface,0,44,35.97,8.1,15.42
Kbira,February,Surface,0,42,35.97,8.11,15.41
Kbira,February,Surface,0,40,35.97,8.12,15.41
Kbira,February,Surface,0,38,35.97,8.12,15.39
Kbira,February,Surface,0,36,36.02,8.13,15.33
Kbira,February,Surface,0,34,36.03,8.13,15.32
Kbira,February,Surface,0,32,36.04,8.14,15.3
Kbira,February,Surface,0,30,36.05,8.14,15.28
Kbira,February,Surface,0,28,36.06,8.14,15.27
Kbira,February,Surface,0,26,36.07,8.14,15.26
Kbira,February,Surface,0,24,36.08,8.15,15.24
Kbira,February,Surface,0,22,36.09,8.15,15.24
Kbira,February,Surface,0,20,36.09,8.15,15.23
Kbira,February,Surface,0,18,36.1,8.15,15.23
Kbira,February,Surface,0,16,36.11,8.15,15.22
Kbira,February,Surface,0,14,36.11,8.15,15.22
Kbira,February,Surface,0,12,36.12,8.15,15.21
Kbira,February,Surface,0,10,36.12,8.16,15.21
Kbira,February,Surface,0,8,36.13,8.16,15.21
Kbira,February,Surface,0,6,36.12,8.16,15.22
Kbira,February,Surface,0,4,36.12,8.16,15.22
Kbira,February,Surface,0,2,36.12,8.16,15.22
Kbira,February,Surface,0,0,36.12,8.16,15.23
Kbira,February,Surface,0,100,36.06,7.88,15.39
Kbira,February,Surface,0,98,36.06,7.88,15.39
Kbira,February,Surface,0,96,36.06,7.88,15.39
Kbira,February,Surface,0,94,36.06,7.89,15.39
Kbira,February,Surface,0,92,36.06,7.89,15.39
Kbira,February,Surface,0,90,36.06,7.89,15.39
Kbira,February,Surface,0,88,36.06,7.89,15.39
Kbira,February,Surface,0,86,36.06,7.89,15.38
Kbira,February,Surface,0,84,36.07,7.89,15.38
Kbira,February,Surface,0,82,36.07,7.89,15.38
Kbira,February,Surface,0,80,36.06,7.89,15.38
Kbira,February,Surface,0,78,36.07,7.89,15.37
Kbira,February,Surface,0,74,36.07,7.89,15.37
Kbira,February,Surface,0,72,36.07,7.89,15.37
Kbira,February,Surface,0,70,36.07,7.89,15.37
Kbira,February,Surface,0,68,36.08,7.89,15.37
Kbira,February,Surface,0,66,36.08,7.89,15.37
Kbira,February,Surface,0,64,36.08,7.9,15.37
Kbira,February,Surface,0,62,36.08,7.9,15.37
Kbira,February,Surface,0,60,36.09,7.9,15.37
Kbira,February,Surface,0,58,36.09,7.9,15.37
Kbira,February,Surface,0,56,36.09,7.9,15.37
Kbira,February,Surface,0,54,36.1,7.9,15.36
Kbira,February,Surface,0,52,36.11,7.9,15.36
Kbira,February,Surface,0,50,36.11,7.9,15.36
Kbira,February,Surface,0,48,36.11,7.9,15.37
Kbira,February,Surface,0,46,36.1,7.91,15.37
Kbira,February,Surface,0,44,36.11,7.91,15.37
Kbira,February,Surface,0,42,36.11,7.91,15.37
Kbira,February,Surface,0,40,36.1,7.91,15.38
Kbira,February,Surface,0,38,36.1,7.91,15.38
Kbira,February,Surface,0,36,36.1,7.91,15.38
Kbira,February,Surface,0,34,36.1,7.92,15.38
Kbira,February,Surface,0,32,36.09,7.92,15.39
Kbira,February,Surface,0,30,36.09,7.92,15.39
Kbira,February,Surface,0,28,36.08,7.92,15.39
Kbira,February,Surface,0,26,36.08,7.92,15.4
Kbira,February,Surface,0,24,36.06,7.93,15.41
Kbira,February,Surface,0,22,36.05,7.93,15.42
Kbira,February,Surface,0,20,36.05,7.93,15.42
Kbira,February,Surface,0,18,36.04,7.93,15.42
Kbira,February,Surface,0,16,36.04,7.94,15.42
Kbira,February,Surface,0,14,36.03,7.94,15.42
Kbira,February,Surface,0,12,36.03,7.94,15.41
Kbira,February,Surface,0,10,36.02,7.95,15.41
Kbira,February,Surface,0,8,36.02,7.95,15.4
Kbira,February,Surface,0,6,36.02,7.96,15.39
Kbira,February,Surface,0,4,36.03,7.96,15.37
Kbira,February,Surface,0,2,36.03,7.96,15.37
Kbira,February,Surface,0,0,36.04,7.97,15.36
Kbira,February,Surface,0,100,36.12,7.78,15.37
Kbira,February,Surface,0,98,36.11,7.78,15.38
Kbira,February,Surface,0,96,36.11,7.79,15.38
Kbira,February,Surface,0,94,36.1,7.79,15.39
Kbira,February,Surface,0,92,36.1,7.79,15.39
Kbira,February,Surface,0,90,36.1,7.79,15.39
Kbira,February,Surface,0,88,36.09,7.79,15.4
Kbira,February,Surface,0,86,36.09,7.8,15.41
Kbira,February,Surface,0,84,36.09,7.8,15.41
Kbira,February,Surface,0,82,36.08,7.8,15.41
Kbira,February,Surface,0,80,36.08,7.8,15.41
Kbira,February,Surface,0,78,36.07,7.8,15.42
Kbira,February,Surface,0,74,36.07,7.8,15.41
Kbira,February,Surface,0,72,36.07,7.81,15.41
Kbira,February,Surface,0,70,36.07,7.81,15.41
Kbira,February,Surface,0,68,36.07,7.81,15.41
Kbira,February,Surface,0,66,36.07,7.81,15.41
Kbira,February,Surface,0,64,36.06,7.82,15.41
Kbira,February,Surface,0,62,36.06,7.82,15.4
Kbira,February,Surface,0,60,36.07,7.82,15.39
Kbira,February,Surface,0,58,36.06,7.83,15.39
Kbira,February,Surface,0,56,36.07,7.83,15.39
Kbira,February,Surface,0,54,36.06,7.84,15.39
Kbira,February,Surface,0,52,36.06,7.84,15.38
Kbira,February,Surface,0,50,36.06,7.84,15.38
Kbira,February,Surface,0,48,36.06,7.85,15.37
Kbira,February,Surface,0,46,36.08,7.85,15.36
Kbira,February,Surface,0,44,36.07,7.85,15.36
Kbira,February,Surface,0,42,36.07,7.85,15.35
Kbira,February,Surface,0,40,36.07,7.86,15.35
Kbira,February,Surface,0,38,36.07,7.86,15.34
Kbira,February,Surface,0,36,36.08,7.86,15.33
Kbira,February,Surface,0,34,36.09,7.86,15.33
Kbira,February,Surface,0,32,36.09,7.86,15.32
Kbira,February,Surface,0,30,36.09,7.836,15.32
Kbira,February,Surface,0,28,36.09,7.86,15.32
Kbira,February,Surface,0,26,36.1,7.86,15.31
Kbira,February,Surface,0,24,36.08,7.86,15.32
Kbira,February,Surface,0,22,36.08,7.86,15.33
Kbira,February,Surface,0,20,36.09,7.86,15.32
Kbira,February,Surface,0,18,36.1,7.87,15.3
Kbira,February,Surface,0,16,36.11,7.87,15.29
Kbira,February,Surface,0,14,36.13,7.87,15.27
Kbira,February,Surface,0,12,36.13,7.87,15.27
Kbira,February,Surface,0,10,36.13,7.87,15.27
Kbira,February,Surface,0,8,36.13,7.87,15.28
Kbira,February,Surface,0,6,36.13,7.87,15.28
Kbira,February,Surface,0,4,36.13,7.87,15.29
Kbira,February,Surface,0,2,36.14,7.87,15.28
Kbira,February,Surface,0,0,36.14,7.87,15.29
Zghira,February,Surface,0,100,35.85,7.26,17.25
Zghira,February,Surface,0,98,35.83,7.26,17.27
Zghira,February,Surface,0,96,35.6,7.25,17.29
Zghira,February,Surface,0,94,35.6,7.26,17.28
Zghira,February,Surface,0,92,36,7.26,17.28
Zghira,February,Surface,0,90,35.98,7.26,17.31
Zghira,February,Surface,0,88,35.96,7.26,17.32
Zghira,February,Surface,0,86,35.95,7.26,17.32
Zghira,February,Surface,0,84,36.12,7.24,17.22
Zghira,February,Surface,0,82,35.91,7.26,17.31
Zghira,February,Surface,0,80,35.92,7.26,17.27
Zghira,February,Surface,0,78,35.93,7.26,17.23
Zghira,February,Surface,0,74,35.94,7.26,17.19
Zghira,February,Surface,0,72,36.12,7.24,17.22
Zghira,February,Surface,0,70,35.93,7.26,17.32
Zghira,February,Surface,0,68,36.13,7.24,17.21
Zghira,February,Surface,0,66,36.13,7.24,17.21
Zghira,February,Surface,0,64,36.13,7.24,17.22
Zghira,February,Surface,0,62,36.14,7.24,17.21
Zghira,February,Surface,0,60,36.13,7.23,17.23
Zghira,February,Surface,0,58,36.13,7.23,17.23
Zghira,February,Surface,0,56,36.13,7.23,17.23
Zghira,February,Surface,0,54,36.14,7.23,17.22
Zghira,February,Surface,0,52,36.14,7.23,17.22
Zghira,February,Surface,0,50,36.15,7.23,17.22
Zghira,February,Surface,0,48,36.14,7.23,17.22
Zghira,February,Surface,0,46,36.14,7.23,17.23
Zghira,February,Surface,0,44,36.14,7.23,17.23
Zghira,February,Surface,0,42,36.13,7.23,17.25
Zghira,February,Surface,0,40,36.12,7.23,17.26
Zghira,February,Surface,0,38,36.12,7.22,17.26
Zghira,February,Surface,0,36,36.12,7.22,17.27
Zghira,February,Surface,0,34,36.13,7.22,17.26
Zghira,February,Surface,0,32,36.13,7.22,17.26
Zghira,February,Surface,0,30,36.13,7.22,17.26
Zghira,February,Surface,0,28,36.13,7.22,17.26
Zghira,February,Surface,0,26,36.14,7.22,17.25
Zghira,February,Surface,0,24,36.13,7.22,17.26
Zghira,February,Surface,0,22,36.13,7.22,17.26
Zghira,February,Surface,0,20,36.14,7.22,17.26
Zghira,February,Surface,0,18,36.14,7.21,17.25
Zghira,February,Surface,0,16,36.14,7.21,17.25
Zghira,February,Surface,0,14,36.15,7.21,17.25
Zghira,February,Surface,0,12,36.14,7.21,17.26
Zghira,February,Surface,0,10,36.14,7.21,17.26
Zghira,February,Surface,0,8,36.13,7.21,17.27
Zghira,February,Surface,0,6,36.13,7.2,17.28
Zghira,February,Surface,0,4,36.13,7.2,17.28
Zghira,February,Surface,0,2,36.14,7.2,17.8
Zghira,February,Surface,0,0,36.14,7.2,17.28
Zghira,February,Surface,0,100,36,7.26,17.28
Zghira,February,Surface,0,98,35.98,7.26,17.31
Zghira,February,Surface,0,96,35.96,7.26,17.32
Zghira,February,Surface,0,94,35.95,7.26,17.32
Zghira,February,Surface,0,92,35.93,7.26,17.32
Zghira,February,Surface,0,90,35.91,7.26,17.31
Zghira,February,Surface,0,88,35.92,7.26,17.27
Zghira,February,Surface,0,86,35.93,7.26,17.23
Zghira,February,Surface,0,84,35.94,7.26,17.19
Zghira,February,Surface,0,82,35.98,7.26,17.12
Zghira,February,Surface,0,80,36.02,7.26,17.06
Zghira,February,Surface,0,78,36.07,7.27,16.98
Zghira,February,Surface,0,74,36.08,7.26,16.96
Zghira,February,Surface,0,72,36.09,7.27,16.93
Zghira,February,Surface,0,70,36.15,7.27,16.85
Zghira,February,Surface,0,68,36.18,7.27,16.82
Zghira,February,Surface,0,66,36.19,7.27,16.79
Zghira,February,Surface,0,64,36.15,7.26,16.84
Zghira,February,Surface,0,62,36.04,7.26,16.96
Zghira,February,Surface,0,60,35.83,7.26,17.19
Zghira,February,Surface,0,58,35.81,7.26,17.18
Zghira,February,Surface,0,56,35.86,7.26,17.11
Zghira,February,Surface,0,54,35.97,7.26,16.96
Zghira,February,Surface,0,52,36.09,7.26,16.81
Zghira,February,Surface,0,50,36.1,7.26,16.79
Zghira,February,Surface,0,48,36.18,7.26,16.75
Zghira,February,Surface,0,46,35.98,7.26,16.69
Zghira,February,Surface,0,44,35.98,7.27,16.54
Zghira,February,Surface,0,42,35.9,7.26,16.71
Zghira,February,Surface,0,40,35.88,7.26,16.73
Zghira,February,Surface,0,38,36.12,7.25,17.44
Zghira,February,Surface,0,36,36.06,7.25,17.53
Zghira,February,Surface,0,34,36.06,7.24,17.53
Zghira,February,Surface,0,32,36.05,7.24,17.54
Zghira,February,Surface,0,30,36.05,7.24,17.53
Zghira,February,Surface,0,28,36.04,7.24,17.53
Zghira,February,Surface,0,26,36.2,7.24,17.35
Zghira,February,Surface,0,24,36.27,7.24,17.27
Zghira,February,Surface,0,22,36.25,7.24,17.3
Zghira,February,Surface,0,20,36.2,7.24,17.36
Zghira,February,Surface,0,18,35.76,7.24,17.21
Zghira,February,Surface,0,16,36.12,7.25,16.9
Zghira,February,Surface,0,14,36.14,7.24,17.31
Zghira,February,Surface,0,12,35.8,7.24,17.71
Zghira,February,Surface,0,10,36.15,7.23,18.01
Zghira,February,Surface,0,8,36.16,7.22,18.01
Zghira,February,Surface,0,6,36.16,7.22,18.01
Zghira,February,Surface,0,4,36.16,7.22,18.01
Zghira,February,Surface,0,2,36.14,7.22,18.04
Zghira,February,Surface,0,0,36.16,7.22,18.02
Zghira,February,Surface,0,100,36.09,7.23,17.53
Zghira,February,Surface,0,98,36.12,7.23,17.48
Zghira,February,Surface,0,96,36.14,7.24,17.45
Zghira,February,Surface,0,94,36.17,7.24,17.41
Zghira,February,Surface,0,92,36.21,7.24,17.41
Zghira,February,Surface,0,90,36.21,7.24,17.4
Zghira,February,Surface,0,88,36.25,7.24,17.28
Zghira,February,Surface,0,86,36.25,7.24,17.14
Zghira,February,Surface,0,84,36.42,7.25,16.95
Zghira,February,Surface,0,82,36,7.25,16.67
Zghira,February,Surface,0,80,36.13,7.25,16.49
Zghira,February,Surface,0,78,36.22,7.26,16.38
Zghira,February,Surface,0,74,36.22,7.26,16.38
Zghira,February,Surface,0,72,36.19,7.26,16.43
Zghira,February,Surface,0,70,36.14,7.26,16.48
Zghira,February,Surface,0,68,36.12,7.25,16.5
Zghira,February,Surface,0,66,36.1,7.25,16.45
Zghira,February,Surface,0,64,36.18,7.25,16.41
Zghira,February,Surface,0,62,36.11,7.25,16.52
Zghira,February,Surface,0,60,36.07,7.25,16.62
Zghira,February,Surface,0,58,35.9,7.25,16.8
Zghira,February,Surface,0,56,36.26,7.27,17.09
Zghira,February,Surface,0,54,36.14,7.24,17.24
Zghira,February,Surface,0,52,36.1,7.24,17.27
Zghira,February,Surface,0,50,36.06,7.27,17.29
Zghira,February,Surface,0,48,36.05,7.24,17.27
Zghira,February,Surface,0,46,36.07,7.24,17.21
Zghira,February,Surface,0,44,36.07,7.24,17.19
Zghira,February,Surface,0,42,36.07,7.24,17.17
Zghira,February,Surface,0,40,36.08,7.24,17.13
Zghira,February,Surface,0,38,36.14,7.24,17.04
Zghira,February,Surface,0,36,36.13,7.24,17.05
Zghira,February,Surface,0,34,36.08,7.24,17.1
Zghira,February,Surface,0,32,35.97,7.24,17.22
Zghira,February,Surface,0,30,35.88,7.24,17.31
Zghira,February,Surface,0,28,35.83,7.24,17.34
Zghira,February,Surface,0,26,35.8,7.24,17.34
Zghira,February,Surface,0,24,35.79,7.24,17.33
Zghira,February,Surface,0,22,35.82,7.24,17.27
Zghira,February,Surface,0,20,35.9,7.24,17.17
Zghira,February,Surface,0,18,36,7.25,17.04
Zghira,February,Surface,0,16,36.07,7.25,16.97
Zghira,February,Surface,0,14,36.23,7.25,16.8
Zghira,February,Surface,0,12,36.35,7.25,16.68
Zghira,February,Surface,0,10,36.38,7.25,16.68
Zghira,February,Surface,0,8,36.35,7.25,16.74
Zghira,February,Surface,0,6,36.38,7.25,16.77
Zghira,February,Surface,0,4,36.36,7.25,16.83
Zghira,February,Surface,0,2,36.36,7.25,16.85
Zghira,February,Surface,0,0,36.31,7.25,16.93
Zghira,February,Surface,0,100,36.53,7.24,16.27
Zghira,February,Surface,0,98,36.56,7.24,16.27
Zghira,February,Surface,0,96,36.44,7.24,16.43
Zghira,February,Surface,0,94,36.28,7.24,16.62
Zghira,February,Surface,0,92,36.24,7.23,16.67
Zghira,February,Surface,0,90,36.25,7.23,16.66
Zghira,February,Surface,0,88,36.27,7.23,16.63
Zghira,February,Surface,0,86,36.3,7.23,16.61
Zghira,February,Surface,0,84,36.23,7.23,16.69
Zghira,February,Surface,0,82,36.2,7.23,16.73
Zghira,February,Surface,0,80,36.22,7.23,16.72
Zghira,February,Surface,0,78,36.19,7.23,16.76
Zghira,February,Surface,0,74,36.15,7.23,16.82
Zghira,February,Surface,0,72,36.15,7.23,16.83
Zghira,February,Surface,0,70,36.04,7.23,16.96
Zghira,February,Surface,0,68,36.07,7.23,16.93
Zghira,February,Surface,0,66,36.1,7.23,16.89
Zghira,February,Surface,0,64,36.13,7.23,16.86
Zghira,February,Surface,0,62,36.15,7.23,16.84
Zghira,February,Surface,0,60,36.22,7.23,16.76
Zghira,February,Surface,0,58,36.29,7.23,16.69
Zghira,February,Surface,0,56,36.32,7.23,16.67
Zghira,February,Surface,0,54,36.37,7.23,16.63
Zghira,February,Surface,0,52,36.4,7.23,16.62
Zghira,February,Surface,0,50,36.44,7.23,16.58
Zghira,February,Surface,0,48,36.41,7.23,16.64
Zghira,February,Surface,0,46,36.36,7.23,16.71
Zghira,February,Surface,0,44,36.32,7.23,16.77
Zghira,February,Surface,0,42,36.25,7.22,16.86
Zghira,February,Surface,0,40,36.3,7.22,16.81
Zghira,February,Surface,0,38,35.99,7.22,16.67
Zghira,February,Surface,0,36,36.04,7.22,16.52
Zghira,February,Surface,0,34,36.1,7.22,16.74
Zghira,February,Surface,0,32,36.09,7.22,17.17
Zghira,February,Surface,0,30,35.77,7.22,17.55
Zghira,February,Surface,0,28,36.26,7.21,17.72
Zghira,February,Surface,0,26,36.28,7.21,17.69
Zghira,February,Surface,0,24,36.22,7.21,17.74
Zghira,February,Surface,0,22,36.13,7.21,17.84
Zghira,February,Surface,0,20,36.13,7.21,17.83
Zghira,February,Surface,0,18,36.11,7.21,17.84
Zghira,February,Surface,0,16,36.11,7.21,17.83
Zghira,February,Surface,0,14,36.12,7.21,17.79
Zghira,February,Surface,0,12,36.11,7.21,17.8
Zghira,February,Surface,0,10,36.01,7.21,17.9
Zghira,February,Surface,0,8,35.98,7.21,17.92
Zghira,February,Surface,0,6,36.04,7.21,17.84
Zghira,February,Surface,0,4,36.06,7.21,17.79
Zghira,February,Surface,0,2,36.01,7.21,17.84
Zghira,February,Surface,0,0,35.97,7.21,17.87
Zghira,February,Surface,0,100,36.15,7.23,16.2
Zghira,February,Surface,0,98,36.13,7.23,16.21
Zghira,February,Surface,0,96,36.11,7.23,16.23
Zghira,February,Surface,0,94,36.1,7.23,16.23
Zghira,February,Surface,0,92,36.08,7.23,16.24
Zghira,February,Surface,0,90,36.08,7.23,16.23
Zghira,February,Surface,0,88,36.09,7.23,16.22
Zghira,February,Surface,0,86,36.1,7.23,16.2
Zghira,February,Surface,0,84,36.11,7.23,16.18
Zghira,February,Surface,0,82,36.1,7.23,16.17
Zghira,February,Surface,0,80,36.1,7.23,16.17
Zghira,February,Surface,0,78,36.09,7.23,16.17
Zghira,February,Surface,0,74,36.09,7.23,16.17
Zghira,February,Surface,0,72,36.08,7.23,16.16
Zghira,February,Surface,0,70,36.09,7.23,16.14
Zghira,February,Surface,0,68,36.1,7.23,16.13
Zghira,February,Surface,0,66,36.1,7.23,16.12
Zghira,February,Surface,0,64,36.1,7.23,16.12
Zghira,February,Surface,0,62,36.1,7.23,16.11
Zghira,February,Surface,0,60,36.1,7.23,16.11
Zghira,February,Surface,0,58,36.1,7.23,16.1
Zghira,February,Surface,0,56,36.11,7.23,16.09
Zghira,February,Surface,0,54,36.11,7.23,16.08
Zghira,February,Surface,0,52,36.12,7.23,16.08
Zghira,February,Surface,0,50,36.13,7.23,16.06
Zghira,February,Surface,0,48,36.14,7.23,16.05
Zghira,February,Surface,0,46,36.15,7.23,16.04
Zghira,February,Surface,0,44,36.16,7.23,16.03
Zghira,February,Surface,0,42,36.17,7.23,16.02
Zghira,February,Surface,0,40,36.18,7.23,16.02
Zghira,February,Surface,0,38,36.19,7.23,16.03
Zghira,February,Surface,0,36,36.2,7.23,16.03
Zghira,February,Surface,0,34,36.21,7.23,16.02
Zghira,February,Surface,0,32,36.23,7.23,16.02
Zghira,February,Surface,0,30,36.23,7.23,16.02
Zghira,February,Surface,0,28,36.24,7.23,16.02
Zghira,February,Surface,0,26,36.25,7.23,16.02
Zghira,February,Surface,0,24,36.26,7.23,16.02
Zghira,February,Surface,0,22,36.27,7.23,16.02
Zghira,February,Surface,0,20,36.27,7.23,16.03
Zghira,February,Surface,0,18,36.28,7.23,16.03
Zghira,February,Surface,0,16,36.28,7.23,16.03
Zghira,February,Surface,0,14,36.29,7.23,16.04
Zghira,February,Surface,0,12,36.29,7.23,16.04
Zghira,February,Surface,0,10,36.29,7.23,16.05
Zghira,February,Surface,0,8,36.29,7.23,16.07
Zghira,February,Surface,0,6,36.26,7.22,16.1
Zghira,February,Surface,0,4,36.15,7.22,16.23
Zghira,February,Surface,0,2,36.09,7.22,16.42
Zghira,February,Surface,0,0,36.25,7.22,16.65
Zghira,June,Meadow,1.14,0,37.74,7.99,27.094
Zghira,June,Meadow,1.168,2,37.75,7.99,27.118
Zghira,June,Meadow,1.162,4,37.73,8,27.041
Zghira,June,Meadow,1.148,6,37.74,8,26.678
Zghira,June,Meadow,1.127,8,37.75,8,26.439
Zghira,June,Meadow,1.142,10,37.74,8.01,26.337
Zghira,June,Meadow,1.166,12,37.71,8.01,26.268
Zghira,June,Meadow,1.166,14,37.72,8.01,26.034
Zghira,June,Meadow,1.172,16,37.74,8.01,25.885
Zghira,June,Meadow,1.197,18,37.77,8.01,25.708
Zghira,June,Meadow,1.237,20,37.78,8.02,25.469
Zghira,June,Meadow,1.285,22,37.78,8.01,25.473
Zghira,June,Meadow,1.368,24,37.79,8.01,25.613
Zghira,June,Meadow,1.402,26,37.77,8.01,25.951
Zghira,June,Meadow,0.65,28,37.78,8.01,26.013
Zghira,June,Meadow,0.584,30,37.74,8.01,26.3
Zghira,June,Meadow,0.453,32,37.72,8.01,26.441
Zghira,June,Meadow,0.352,34,37.7,8.02,26.526
Zghira,June,Meadow,0.487,36,37.71,8.02,26.371
Zghira,June,Meadow,0.566,38,37.72,8.02,26.27
Zghira,June,Meadow,0.593,40,37.72,8.03,26.142
Zghira,June,Meadow,0.597,42,37.71,8.03,26.095
Zghira,June,Meadow,0.597,44,37.71,8.03,26.067
Zghira,June,Meadow,0.597,46,37.71,8.03,26.02
Zghira,June,Meadow,0.653,48,37.71,8.03,25.981
Zghira,June,Meadow,0.681,50,37.71,8.04,25.95
Zghira,June,Meadow,0.7,52,37.72,8.04,25.907
Zghira,June,Meadow,0.725,54,37.73,8.04,25.812
Zghira,June,Meadow,0.77,56,37.74,8.04,25.732
Zghira,June,Meadow,0.823,58,37.73,8.04,25.727
Zghira,June,Meadow,0.897,60,37.73,8.05,25.702
Zghira,June,Meadow,0.974,62,37.75,8.05,25.618
Zghira,June,Meadow,1.051,64,37.77,8.05,25.534
Zghira,June,Meadow,1.128,66,37.79,8.05,25.45
Zghira,June,Meadow,1.001,68,37.78,8.05,25.521
Zghira,June,Meadow,0.974,70,37.77,8.05,25.592
Zghira,June,Meadow,0.978,72,37.78,8.05,25.592
Zghira,June,Meadow,0.982,74,37.79,8.05,25.604
Zghira,June,Meadow,0.945,76,37.76,8.05,25.675
Zghira,June,Meadow,0.908,78,37.75,8.05,25.746
Zghira,June,Meadow,0.885,80,37.75,8.05,25.773
Zghira,June,Meadow,0.862,82,37.75,8.05,25.8
Zghira,June,Meadow,0.018,84,37.75,8.05,25.843
Zghira,June,Meadow,0.026,86,37.75,8.05,25.886
Zghira,June,Meadow,0.077,88,37.75,8.05,25.928
Zghira,June,Meadow,0.128,90,37.75,8.05,25.92
Zghira,June,Meadow,0.148,92,37.75,8.05,25.938
Zghira,June,Meadow,0.168,94,37.75,8.05,25.926
Zghira,June,Meadow,0.148,96,37.75,8.05,25.904
Zghira,June,Meadow,0.128,98,37.75,8.05,25.882
Zghira,June,Meadow,0.16,100,37.78,8.05,25.886
Zghira,June,Meadow,-0.001,0,36.81,8.07,26.924
Zghira,June,Meadow,0.902,2,37.59,8.06,29.155
Zghira,June,Meadow,1.395,4,37.77,8.06,27.585
Zghira,June,Meadow,1.428,6,37.19,8.07,25.154
Zghira,June,Meadow,1.275,8,37.93,8.06,26.369
Zghira,June,Meadow,1.188,10,37.88,8.06,27.785
Zghira,June,Meadow,1.239,12,36.68,8.06,28.936
Zghira,June,Meadow,1.273,14,39,8.07,26.223
Zghira,June,Meadow,1.228,16,38.29,8.06,26.743
Zghira,June,Meadow,1.181,18,37.71,8.06,26.782
Zghira,June,Meadow,1.15,20,37.74,8.06,26.553
Zghira,June,Meadow,1.135,22,37.8,8.06,26.238
Zghira,June,Meadow,1.168,24,37.78,8.07,25.962
Zghira,June,Meadow,1.202,26,37.75,8.07,25.682
Zghira,June,Meadow,1.2,28,37.71,8.07,25.058
Zghira,June,Meadow,2.115,30,37.7,8.08,24.535
Zghira,June,Meadow,2.501,32,37.71,8.08,24.14
Zghira,June,Meadow,2.568,34,37.72,8.09,23.862
Zghira,June,Meadow,2.66,36,37.71,8.09,23.726
Zghira,June,Meadow,2.669,38,37.71,8.09,23.724
Zghira,June,Meadow,2.632,40,37.71,8.09,23.747
Zghira,June,Meadow,2.574,42,37.7,8.1,23.735
Zghira,June,Meadow,2.566,44,37.7,8.1,23.69
Zghira,June,Meadow,2.519,46,37.7,8.1,23.669
Zghira,June,Meadow,2.475,48,37.71,8.11,23.664
Zghira,June,Meadow,2.356,50,37.71,8.11,23.682
Zghira,June,Meadow,2.242,52,37.71,8.11,23.65
Zghira,June,Meadow,1.368,54,37.72,8.11,23.634
Zghira,June,Meadow,1.493,56,37.77,8.11,23.677
Zghira,June,Meadow,1.488,58,37.77,8.1,23.864
Zghira,June,Meadow,1.54,60,37.77,8.1,23.852
Zghira,June,Meadow,1.561,62,37.77,8.1,23.766
Zghira,June,Meadow,1.602,64,37.77,8.1,23.925
Zghira,June,Meadow,1.643,66,37.77,8.1,23.897
Zghira,June,Meadow,1.684,68,37.77,8.1,23.548
Zghira,June,Meadow,1.643,70,37.77,8.1,23.865
Zghira,June,Meadow,1.602,72,37.77,8.1,23.182
Zghira,June,Meadow,1.561,74,37.77,8.1,23.499
Zghira,June,Meadow,1.579,76,37.78,8.09,23.854
Zghira,June,Meadow,1.597,78,37.78,8.09,24.209
Zghira,June,Meadow,1.565,80,37.78,8.09,24.164
Zghira,June,Meadow,1.572,82,37.78,8.09,24.133
Zghira,June,Meadow,1.579,84,37.78,8.09,24.102
Zghira,June,Meadow,1.586,86,37.78,8.09,24.071
Zghira,June,Meadow,1.627,88,37.75,8.09,24.092
Zghira,June,Meadow,1.668,90,37.75,8.09,24.113
Zghira,June,Meadow,1.709,92,37.75,8.09,24.134
Zghira,June,Meadow,1.687,94,37.75,8.09,23.791
Zghira,June,Meadow,1.685,96,37.75,8.09,23.448
Zghira,June,Meadow,1.743,98,37.75,8.09,23.405
Zghira,June,Meadow,1.761,100,37.73,8.09,23.553
Zghira,June,Meadow,0.04,0,38.04,8.1,24.945
Zghira,June,Meadow,0.862,2,37.92,8.1,25.077
Zghira,June,Meadow,1.048,4,36.46,8.08,27.397
Zghira,June,Meadow,1.123,6,36.97,8.08,27.903
Zghira,June,Meadow,1.12,8,38.48,8.08,26.49
Zghira,June,Meadow,1.049,10,39.14,8.08,25.215
Zghira,June,Meadow,1.034,12,38.19,8.08,25.382
Zghira,June,Meadow,1.003,14,37.75,8.08,25.377
Zghira,June,Meadow,1.009,16,37.51,8.09,25.394
Zghira,June,Meadow,1.052,18,37.48,8.09,25.564
Zghira,June,Meadow,2.103,20,37.66,8.09,25.296
Zghira,June,Meadow,1.739,22,37.69,8.09,24.99
Zghira,June,Meadow,1.846,24,37.7,8.09,24.722
Zghira,June,Meadow,1.965,26,37.75,8.09,24.689
Zghira,June,Meadow,2.033,28,37.77,8.09,24.974
Zghira,June,Meadow,2.021,30,37.73,8.09,24.921
Zghira,June,Meadow,2.04,32,37.73,8.09,24.513
Zghira,June,Meadow,2.669,34,37.75,8.1,24.079
Zghira,June,Meadow,2.601,36,37.75,8.1,23.981
Zghira,June,Meadow,2.718,38,37.73,8.1,23.892
Zghira,June,Meadow,2.751,40,37.71,8.1,23.614
Zghira,June,Meadow,3.685,42,37.72,8.1,23.57
Zghira,June,Meadow,4.619,44,37.73,8.1,23.526
Zghira,June,Meadow,4.268,46,37.74,8.1,23.482
Zghira,June,Meadow,3.929,48,37.69,8.1,23.534
Zghira,June,Meadow,4.274,50,37.71,8.1,23.53
Zghira,June,Meadow,3.852,52,37.71,8.1,23.69
Zghira,June,Meadow,3.664,54,37.7,8.1,23.554
Zghira,June,Meadow,2.009,56,37.72,8.1,23.49
Zghira,June,Meadow,2.39,58,37.71,8.1,23.518
Zghira,June,Meadow,2.771,60,37.7,8.1,23.546
Zghira,June,Meadow,3.152,62,37.69,8.1,23.574
Zghira,June,Meadow,2.369,64,37.75,8.1,23.734
Zghira,June,Meadow,1.586,66,37.81,8.1,23.894
Zghira,June,Meadow,1.953,68,37.87,8.1,23.754
Zghira,June,Meadow,2.389,70,37.75,8.1,23.593
Zghira,June,Meadow,2.825,72,37.63,8.1,23.132
Zghira,June,Meadow,3.261,74,37.51,8.1,23.171
Zghira,June,Meadow,2.291,76,37.74,8.1,23.354
Zghira,June,Meadow,2.321,78,37.97,8.1,23.537
Zghira,June,Meadow,2.351,80,37.82,8.1,23.72
Zghira,June,Meadow,2.27,82,37.71,8.11,23.111
Zghira,June,Meadow,2.189,84,37.72,8.12,23.502
Zghira,June,Meadow,2.108,86,37.73,8.12,23.893
Zghira,June,Meadow,2.289,88,37.71,8.12,23.771
Zghira,June,Meadow,2.47,90,37.69,8.12,23.649
Zghira,June,Meadow,2.651,92,37.69,8.12,23.527
Zghira,June,Meadow,2.305,94,37.69,8.12,23.558
Zghira,June,Meadow,1.959,96,37.69,8.12,23.589
Zghira,June,Meadow,2.613,98,37.69,8.11,23.62
Zghira,June,Meadow,2.366,100,37.69,8.11,23.535
Zghira,June,Meadow,0.166,0,37.22,8.08,27.804
Zghira,June,Meadow,1.124,2,39.51,8.09,24.514
Zghira,June,Meadow,1.145,4,36.9,8.08,27.982
Zghira,June,Meadow,1.12,6,38.85,8.09,25.039
Zghira,June,Meadow,1.037,8,38.74,8.1,24.534
Zghira,June,Meadow,0.956,10,37.89,8.1,24.46
Zghira,June,Meadow,0.899,12,37.75,8.1,24.512
Zghira,June,Meadow,0.902,14,37.75,8.1,24.631
Zghira,June,Meadow,0.934,16,37.72,8.1,24.528
Zghira,June,Meadow,1.92,18,37.71,8.1,24.212
Zghira,June,Meadow,1.868,20,37.71,8.1,23.903
Zghira,June,Meadow,1.925,22,37.71,8.11,23.652
Zghira,June,Meadow,1.931,24,37.71,8.11,23.61
Zghira,June,Meadow,1.874,26,37.71,8.11,23.571
Zghira,June,Meadow,1.855,28,37.71,8.12,23.56
Zghira,June,Meadow,1.826,30,37.71,8.12,23.551
Zghira,June,Meadow,1.839,32,37.71,8.11,23.53
Zghira,June,Meadow,1.824,34,37.72,8.11,23.521
Zghira,June,Meadow,1.835,36,37.72,8.11,23.505
Zghira,June,Meadow,1.879,38,37.71,8.1,23.489
Zghira,June,Meadow,1.938,40,37.71,8.1,23.458
Zghira,June,Meadow,1.991,42,37.71,8.1,23.468
Zghira,June,Meadow,2.07,44,37.72,8.1,23.487
Zghira,June,Meadow,2.874,46,37.71,8.1,23.504
Zghira,June,Meadow,3.239,48,37.71,8.1,23.469
Zghira,June,Meadow,3.24,50,37.71,8.1,23.429
Zghira,June,Meadow,3.443,52,37.71,8.1,23.399
Zghira,June,Meadow,3.544,54,37.71,8.11,23.388
Zghira,June,Meadow,3.516,56,37.71,8.11,23.398
Zghira,June,Meadow,3.532,58,37.71,8.11,23.43
Zghira,June,Meadow,3.489,60,37.7,8.12,23.456
Zghira,June,Meadow,3.488,62,37.71,8.11,23.451
Zghira,June,Meadow,3.493,64,37.71,8.11,23.44
Zghira,June,Meadow,3.508,66,37.71,8.11,23.447
Zghira,June,Meadow,3.517,68,37.71,8.11,23.451
Zghira,June,Meadow,4.275,70,37.71,8.11,23.446
Zghira,June,Meadow,4.203,72,37.71,8.11,23.448
Zghira,June,Meadow,4.117,74,37.71,8.11,23.466
Zghira,June,Meadow,4.031,76,37.71,8.11,23.484
Zghira,June,Meadow,3.945,78,37.71,8.11,23.502
Zghira,June,Meadow,4.119,80,37.71,8.11,23.464
Zghira,June,Meadow,4.293,82,37.71,8.11,23.426
Zghira,June,Meadow,4.132,84,37.71,8.11,23.466
Zghira,June,Meadow,3.971,86,37.71,8.11,23.506
Zghira,June,Meadow,4.158,88,37.71,8.11,23.468
Zghira,June,Meadow,4.345,90,37.71,8.11,23.43
Zghira,June,Meadow,4.165,92,37.71,8.11,23.482
Zghira,June,Meadow,3.985,94,37.71,8.11,23.534
Zghira,June,Meadow,4.203,96,37.71,8.11,23.49
Zghira,June,Meadow,4.421,98,37.71,8.11,23.446
Zghira,June,Meadow,4.242,100,37.71,8.11,23.486
Zghira,June,Meadow,0.881,0,37.72,8.1,24.551
Zghira,June,Meadow,0.802,2,37.56,8.1,24.678
Zghira,June,Meadow,0.786,4,37.79,8.1,24.316
Zghira,June,Meadow,0.809,6,37.77,8.1,24.441
Zghira,June,Meadow,0.771,8,37.74,8.1,24.547
Zghira,June,Meadow,0.747,10,37.73,8.1,24.532
Zghira,June,Meadow,0.744,12,37.73,8.1,24.358
Zghira,June,Meadow,0.723,14,37.73,8.1,24.198
Zghira,June,Meadow,0.749,16,37.73,8.1,24.1
Zghira,June,Meadow,0.776,18,37.74,8.11,24.037
Zghira,June,Meadow,0.782,20,37.73,8.11,23.992
Zghira,June,Meadow,0.842,22,37.71,8.11,23.86
Zghira,June,Meadow,1.783,24,37.7,8.11,23.637
Zghira,June,Meadow,1.691,26,37.71,8.11,23.504
Zghira,June,Meadow,1.785,28,37.71,8.12,23.5
Zghira,June,Meadow,1.851,30,37.71,8.12,23.493
Zghira,June,Meadow,1.783,32,37.71,8.12,23.499
Zghira,June,Meadow,2.53,34,37.71,8.12,23.525
Zghira,June,Meadow,2.745,36,37.71,8.11,23.516
Zghira,June,Meadow,2.899,38,37.71,8.11,23.473
Zghira,June,Meadow,2.882,40,37.71,8.11,23.462
Zghira,June,Meadow,2.838,42,37.71,8.12,23.476
Zghira,June,Meadow,2.841,44,37.71,8.12,23.488
Zghira,June,Meadow,2.89,46,37.71,8.12,23.482
Zghira,June,Meadow,2.931,48,37.71,8.12,23.48
Zghira,June,Meadow,3.571,50,37.71,8.12,23.479
Zghira,June,Meadow,3.89,52,37.71,8.12,23.466
Zghira,June,Meadow,4.013,54,37.71,8.12,23.44
Zghira,June,Meadow,4.052,56,37.71,8.13,23.424
Zghira,June,Meadow,4.034,58,37.71,8.13,23.416
Zghira,June,Meadow,4.086,60,37.7,8.13,23.386
Zghira,June,Meadow,5.061,62,37.7,8.12,23.317
Zghira,June,Meadow,4.918,64,37.71,8.11,23.237
Zghira,June,Meadow,4.798,66,37.71,8.11,23.211
Zghira,June,Meadow,4.897,68,37.71,8.1,23.197
Zghira,June,Meadow,5.022,70,37.71,8.1,23.177
Zghira,June,Meadow,5.07,72,37.7,8.1,23.143
Zghira,June,Meadow,5.103,74,37.7,8.1,23.151
Zghira,June,Meadow,5.19,76,37.7,8.1,23.153
Zghira,June,Meadow,5.249,78,37.7,8.1,23.134
Zghira,June,Meadow,5.376,80,37.7,8.09,23.11
Zghira,June,Meadow,4.281,82,37.71,8.09,23.135
Zghira,June,Meadow,4.121,84,37.71,8.09,23.245
Zghira,June,Meadow,3.839,86,37.71,8.09,23.194
Zghira,June,Meadow,3.557,88,37.71,8.09,23.23
Zghira,June,Meadow,3.275,90,37.71,8.09,23.188
Zghira,June,Meadow,2.95,92,37.7,8.1,23.025
Zghira,June,Meadow,2.625,94,37.69,8.11,23.02
Zghira,June,Meadow,2.789,96,37.7,8.1,23.237
Zghira,June,Meadow,2.953,98,37.71,8.09,23.153
Zghira,June,Meadow,2.645,100,37.71,8.1,23.184
Kbira,June,Meadow,0.096,0,37.73,8.13,23.54
Kbira,June,Meadow,0.073,2,37.73,8.12,23.534
Kbira,June,Meadow,0.077,4,37.73,8.12,23.522
Kbira,June,Meadow,0.106,6,37.73,8.12,23.503
Kbira,June,Meadow,0.166,8,37.73,8.12,23.482
Kbira,June,Meadow,1.135,10,37.74,8.13,23.407
Kbira,June,Meadow,1.189,12,37.74,8.14,23.316
Kbira,June,Meadow,1.126,14,37.74,8.16,23.256
Kbira,June,Meadow,1.109,16,37.74,8.17,23.287
Kbira,June,Meadow,1.106,18,37.74,8.18,23.298
Kbira,June,Meadow,1.041,20,37.74,8.17,23.311
Kbira,June,Meadow,1.011,22,37.74,8.16,23.297
Kbira,June,Meadow,0.98,24,37.74,8.15,23.345
Kbira,June,Meadow,0.959,26,37.74,8.14,23.35
Kbira,June,Meadow,0.936,28,37.75,8.15,23.279
Kbira,June,Meadow,0.885,30,37.75,8.15,23.25
Kbira,June,Meadow,0.333,32,37.74,8.14,23.305
Kbira,June,Meadow,0.351,34,37.73,8.14,23.4
Kbira,June,Meadow,0.392,36,37.73,8.13,23.405
Kbira,June,Meadow,0.427,38,37.73,8.12,23.392
Kbira,June,Meadow,0.441,40,37.73,8.12,23.389
Kbira,June,Meadow,0.538,42,37.73,8.12,23.369
Kbira,June,Meadow,0.622,44,37.73,8.12,23.36
Kbira,June,Meadow,2,46,37.73,8.12,23.332
Kbira,June,Meadow,2.031,48,37.73,8.13,23.302
Kbira,June,Meadow,1.994,50,37.73,8.13,23.288
Kbira,June,Meadow,2.949,52,37.73,8.13,23.238
Kbira,June,Meadow,3.029,54,37.73,8.14,23.157
Kbira,June,Meadow,2.965,56,37.74,8.14,23.085
Kbira,June,Meadow,2.94,58,37.74,8.14,23.105
Kbira,June,Meadow,3.033,60,37.73,8.13,23.099
Kbira,June,Meadow,3.088,62,37.74,8.13,23.081
Kbira,June,Meadow,3.103,64,37.74,8.13,23.087
Kbira,June,Meadow,4.279,66,37.73,8.13,23.084
Kbira,June,Meadow,4.373,68,37.73,8.12,23.014
Kbira,June,Meadow,4.429,70,37.72,8.12,22.945
Kbira,June,Meadow,4.443,72,37.73,8.11,22.934
Kbira,June,Meadow,4.485,74,37.73,8.11,22.884
Kbira,June,Meadow,4.508,76,37.73,8.11,22.86
Kbira,June,Meadow,3.642,78,37.73,8.11,22.944
Kbira,June,Meadow,3.369,80,37.73,8.11,22.956
Kbira,June,Meadow,3,82,37.74,8.11,23.003
Kbira,June,Meadow,2.695,84,37.74,8.11,23.026
Kbira,June,Meadow,2.796,86,37.74,8.11,23.105
Kbira,June,Meadow,2.897,88,37.74,8.11,23.184
Kbira,June,Meadow,2.737,90,37.73,8.11,23.189
Kbira,June,Meadow,2.577,92,37.72,8.11,23.194
Kbira,June,Meadow,2.843,94,37.73,8.12,23.21
Kbira,June,Meadow,3.109,96,37.74,8.13,23.226
Kbira,June,Meadow,2.974,98,37.73,8.12,23.164
Kbira,June,Meadow,3.883,100,37.73,8.12,23.089
Kbira,June,Meadow,0.083,0,37.73,8.13,23.494
Kbira,June,Meadow,0.82,2,37.73,8.13,23.491
Kbira,June,Meadow,1.029,4,37.73,8.14,23.468
Kbira,June,Meadow,0.808,6,37.73,8.14,23.449
Kbira,June,Meadow,0.704,8,37.73,8.14,23.45
Kbira,June,Meadow,0.686,10,37.74,8.15,23.452
Kbira,June,Meadow,0.726,12,37.73,8.15,23.437
Kbira,June,Meadow,0.808,14,37.73,8.15,23.387
Kbira,June,Meadow,0.876,16,37.74,8.17,23.337
Kbira,June,Meadow,0.923,18,37.74,8.18,23.31
Kbira,June,Meadow,0.989,20,37.73,8.2,23.286
Kbira,June,Meadow,1.12,22,37.73,8.21,23.254
Kbira,June,Meadow,1.28,24,37.73,8.21,23.198
Kbira,June,Meadow,1.393,26,37.73,8.21,23.188
Kbira,June,Meadow,1.475,28,37.73,8.22,23.186
Kbira,June,Meadow,1.539,30,37.73,8.22,23.194
Kbira,June,Meadow,1.59,32,37.73,8.22,23.2
Kbira,June,Meadow,1.62,34,37.73,8.21,23.21
Kbira,June,Meadow,1.673,36,37.73,8.21,23.191
Kbira,June,Meadow,1.731,38,37.73,8.2,23.162
Kbira,June,Meadow,1.75,40,37.73,8.2,23.16
Kbira,June,Meadow,1.778,42,37.73,8.2,23.183
Kbira,June,Meadow,1.839,44,37.73,8.19,23.213
Kbira,June,Meadow,2.811,46,37.73,8.19,23.205
Kbira,June,Meadow,2.503,48,37.73,8.19,23.184
Kbira,June,Meadow,2.487,50,37.73,8.18,23.185
Kbira,June,Meadow,2.42,52,37.72,8.17,23.215
Kbira,June,Meadow,2.505,54,37.72,8.17,23.206
Kbira,June,Meadow,2.575,56,37.72,8.17,23.172
Kbira,June,Meadow,2.625,58,37.72,8.17,23.107
Kbira,June,Meadow,2.62,60,37.73,8.16,23.067
Kbira,June,Meadow,2.58,62,37.73,8.16,23.103
Kbira,June,Meadow,2.58,64,37.73,8.15,23.174
Kbira,June,Meadow,2.609,66,37.72,8.15,23.212
Kbira,June,Meadow,2.61,68,37.72,8.15,23.213
Kbira,June,Meadow,2.56,70,37.72,8.14,23.212
Kbira,June,Meadow,2.504,72,37.72,8.14,23.208
Kbira,June,Meadow,2.498,74,37.73,8.13,23.2
Kbira,June,Meadow,2.456,76,37.73,8.12,23.205
Kbira,June,Meadow,2.49,78,37.72,8.12,23.209
Kbira,June,Meadow,2.492,80,37.72,8.12,23.19
Kbira,June,Meadow,2.474,82,37.73,8.13,23.183
Kbira,June,Meadow,2.483,84,37.73,8.14,23.221
Kbira,June,Meadow,2.492,86,37.73,8.15,23.259
Kbira,June,Meadow,2.501,88,37.73,8.16,23.297
Kbira,June,Meadow,2.504,90,37.72,8.15,23.271
Kbira,June,Meadow,2.507,92,37.71,8.14,23.245
Kbira,June,Meadow,2.471,94,37.72,8.16,23.293
Kbira,June,Meadow,2.435,96,37.73,8.18,23.341
Kbira,June,Meadow,1.652,98,37.72,8.16,23.305
Kbira,June,Meadow,2.767,100,37.72,8.12,23.277
Kbira,June,Meadow,0.012,0,37.73,8.14,23.649
Kbira,June,Meadow,0.047,2,37.72,8.14,23.634
Kbira,June,Meadow,0.566,4,37.72,8.14,23.596
Kbira,June,Meadow,0.491,6,37.71,8.14,23.548
Kbira,June,Meadow,0.51,8,37.72,8.14,23.507
Kbira,June,Meadow,0.483,10,37.72,8.15,23.487
Kbira,June,Meadow,0.481,12,37.72,8.15,23.469
Kbira,June,Meadow,0.474,14,37.72,8.15,23.455
Kbira,June,Meadow,0.502,16,37.72,8.15,23.443
Kbira,June,Meadow,0.485,18,37.71,8.15,23.441
Kbira,June,Meadow,0.532,20,37.71,8.15,23.422
Kbira,June,Meadow,1.397,22,37.71,8.16,23.373
Kbira,June,Meadow,1.486,24,37.71,8.17,23.305
Kbira,June,Meadow,1.506,26,37.72,8.19,23.242
Kbira,June,Meadow,1.486,28,37.72,8.21,23.236
Kbira,June,Meadow,1.434,30,37.72,8.21,23.251
Kbira,June,Meadow,1.474,32,37.72,8.21,23.243
Kbira,June,Meadow,1.525,34,37.72,8.2,23.224
Kbira,June,Meadow,1.591,36,37.72,8.19,23.208
Kbira,June,Meadow,1.622,38,37.72,8.19,23.217
Kbira,June,Meadow,1.671,40,37.72,8.19,23.251
Kbira,June,Meadow,2.711,42,37.71,8.18,23.263
Kbira,June,Meadow,2.529,44,37.71,8.18,23.241
Kbira,June,Meadow,2.528,46,37.71,8.18,23.202
Kbira,June,Meadow,2.585,48,37.71,8.18,23.198
Kbira,June,Meadow,2.612,50,37.71,8.17,23.184
Kbira,June,Meadow,2.692,52,37.71,8.17,23.167
Kbira,June,Meadow,2.728,54,37.72,8.17,23.145
Kbira,June,Meadow,2.731,56,37.72,8.16,23.167
Kbira,June,Meadow,3.25,58,37.72,8.15,23.178
Kbira,June,Meadow,3.521,60,37.72,8.15,23.162
Kbira,June,Meadow,4.603,62,37.72,8.14,23.142
Kbira,June,Meadow,4.461,64,37.72,8.14,23.133
Kbira,June,Meadow,2.679,66,37.72,8.14,23.131
Kbira,June,Meadow,1.951,68,37.73,8.13,23.174
Kbira,June,Meadow,3.603,70,37.72,8.13,23.21
Kbira,June,Meadow,3.478,72,37.72,8.14,23.226
Kbira,June,Meadow,3.344,74,37.72,8.14,23.184
Kbira,June,Meadow,3.332,76,37.72,8.15,23.166
Kbira,June,Meadow,3.367,78,37.72,8.15,23.131
Kbira,June,Meadow,4.612,80,37.72,8.14,23.066
Kbira,June,Meadow,4.574,82,37.72,8.14,23.004
Kbira,June,Meadow,4.628,84,37.73,8.13,22.988
Kbira,June,Meadow,4.479,86,37.73,8.12,23.036
Kbira,June,Meadow,3.646,88,37.72,8.12,23.072
Kbira,June,Meadow,3.489,90,37.72,8.13,23.096
Kbira,June,Meadow,3.455,92,37.73,8.13,23.107
Kbira,June,Meadow,3.53,94,37.73,8.13,23.115
Kbira,June,Meadow,3.519,96,37.72,8.13,23.152
Kbira,June,Meadow,2.977,98,37.72,8.12,23.217
Kbira,June,Meadow,3.003,100,37.72,8.12,23.26
Kbira,June,Meadow,0.001,0,37.69,8.15,23.699
Kbira,June,Meadow,0.918,2,37.7,8.15,23.635
Kbira,June,Meadow,0.944,4,37.73,8.15,23.534
Kbira,June,Meadow,0.99,6,37.73,8.15,23.48
Kbira,June,Meadow,0.96,8,37.73,8.16,23.46
Kbira,June,Meadow,0.917,10,37.73,8.16,23.461
Kbira,June,Meadow,0.87,12,37.73,8.16,23.481
Kbira,June,Meadow,0.782,14,37.73,8.16,23.513
Kbira,June,Meadow,0.787,16,37.73,8.15,23.529
Kbira,June,Meadow,0.823,18,37.72,8.15,23.522
Kbira,June,Meadow,0.846,20,37.72,8.15,23.501
Kbira,June,Meadow,0.835,22,37.72,8.15,23.487
Kbira,June,Meadow,0.864,24,37.72,8.15,23.477
Kbira,June,Meadow,1.88,26,37.72,8.16,23.444
Kbira,June,Meadow,1.657,28,37.72,8.16,23.402
Kbira,June,Meadow,1.56,30,37.73,8.16,23.372
Kbira,June,Meadow,1.591,32,37.72,8.16,23.393
Kbira,June,Meadow,2.362,34,37.72,8.18,23.326
Kbira,June,Meadow,1.605,36,37.72,8.17,23.302
Kbira,June,Meadow,1.673,38,37.72,8.16,23.32
Kbira,June,Meadow,1.717,40,37.72,8.17,23.342
Kbira,June,Meadow,2.697,42,37.71,8.17,23.261
Kbira,June,Meadow,2.901,44,37.72,8.17,23.181
Kbira,June,Meadow,2.583,46,37.72,8.19,23.123
Kbira,June,Meadow,2.501,48,37.72,8.19,23.132
Kbira,June,Meadow,2.501,50,37.72,8.2,23.152
Kbira,June,Meadow,2.52,52,37.72,8.19,23.177
Kbira,June,Meadow,2.514,54,37.72,8.19,23.215
Kbira,June,Meadow,2.543,56,37.72,8.19,23.24
Kbira,June,Meadow,2.573,58,37.72,8.19,23.233
Kbira,June,Meadow,3.534,60,37.72,8.19,23.201
Kbira,June,Meadow,2.987,62,37.72,8.19,23.183
Kbira,June,Meadow,3.197,64,37.72,8.18,23.197
Kbira,June,Meadow,3.288,66,37.73,8.18,23.23
Kbira,June,Meadow,4.373,68,37.72,8.17,23.244
Kbira,June,Meadow,4.579,70,37.72,8.16,23.218
Kbira,June,Meadow,4.646,72,37.72,8.16,23.161
Kbira,June,Meadow,4.718,74,37.72,8.15,23.093
Kbira,June,Meadow,4.651,76,37.72,8.15,23.077
Kbira,June,Meadow,4.649,78,37.72,8.15,23.076
Kbira,June,Meadow,4.606,80,37.72,8.14,23.107
Kbira,June,Meadow,4.613,82,37.72,8.14,23.104
Kbira,June,Meadow,4.683,84,37.72,8.14,23.075
Kbira,June,Meadow,5.396,86,37.72,8.13,23.037
Kbira,June,Meadow,5.345,88,37.72,8.12,23.021
Kbira,June,Meadow,5.246,90,37.72,8.11,23.024
Kbira,June,Meadow,5.147,92,37.72,8.1,23.027
Kbira,June,Meadow,5.123,94,37.72,8.11,23.027
Kbira,June,Meadow,5.049,96,37.72,8.11,23.029
Kbira,June,Meadow,4.334,98,37.72,8.11,23.051
Kbira,June,Meadow,2.502,100,37.72,8.14,23.409
Kbira,June,Meadow,0.072,0,37.63,8.14,23.516
Kbira,June,Meadow,0.142,2,37.64,8.15,23.503
Kbira,June,Meadow,0.221,4,37.64,8.16,23.498
Kbira,June,Meadow,0.285,6,37.64,8.16,23.514
Kbira,June,Meadow,0.312,8,37.64,8.16,23.542
Kbira,June,Meadow,0.334,10,37.64,8.15,23.605
Kbira,June,Meadow,0.381,12,37.64,8.15,23.628
Kbira,June,Meadow,0.424,14,37.64,8.15,23.615
Kbira,June,Meadow,1.246,16,37.64,8.15,23.583
Kbira,June,Meadow,1.455,18,37.64,8.16,23.562
Kbira,June,Meadow,1.527,20,37.64,8.16,23.54
Kbira,June,Meadow,1.533,22,37.64,8.17,23.51
Kbira,June,Meadow,1.492,24,37.64,8.17,23.482
Kbira,June,Meadow,1.546,26,37.65,8.18,23.473
Kbira,June,Meadow,1.556,28,37.65,8.18,23.472
Kbira,June,Meadow,1.598,30,37.65,8.17,23.47
Kbira,June,Meadow,1.67,32,37.65,8.18,23.451
Kbira,June,Meadow,1.736,34,37.65,8.19,23.401
Kbira,June,Meadow,1.754,36,37.65,8.18,23.389
Kbira,June,Meadow,1.845,38,37.66,8.19,23.376
Kbira,June,Meadow,1.909,40,37.66,8.18,23.391
Kbira,June,Meadow,1.958,42,37.66,8.18,23.369
Kbira,June,Meadow,2.061,44,37.66,8.18,23.352
Kbira,June,Meadow,2.09,46,37.66,8.18,23.32
Kbira,June,Meadow,2.107,48,37.66,8.18,23.335
Kbira,June,Meadow,2.086,50,37.66,8.17,23.388
Kbira,June,Meadow,2.1,52,37.66,8.16,23.418
Kbira,June,Meadow,2.06,54,37.66,8.15,23.431
Kbira,June,Meadow,2.107,56,37.66,8.14,23.402
Kbira,June,Meadow,2.117,58,37.66,8.14,23.38
Kbira,June,Meadow,2.073,60,37.67,8.14,23.381
Kbira,June,Meadow,2.044,62,37.67,8.14,23.407
Kbira,June,Meadow,1.989,64,37.66,8.13,23.428
Kbira,June,Meadow,2.021,66,37.66,8.12,23.425
Kbira,June,Meadow,2.027,68,37.67,8.12,23.423
Kbira,June,Meadow,1.994,70,37.67,8.12,23.418
Kbira,June,Meadow,1.92,72,37.67,8.12,23.429
Kbira,June,Meadow,1.821,74,37.67,8.12,23.464
Kbira,June,Meadow,1.739,76,37.67,8.11,23.501
Kbira,June,Meadow,2.59,78,37.67,8.12,23.503
Kbira,June,Meadow,2.033,80,37.68,8.12,23.474
Kbira,June,Meadow,1.707,82,37.68,8.12,23.456
Kbira,June,Meadow,1.711,84,37.68,8.12,23.466
Kbira,June,Meadow,1.752,86,37.68,8.12,23.46
Kbira,June,Meadow,1.769,88,37.68,8.11,23.46
Kbira,June,Meadow,1.795,90,37.68,8.11,23.484
Kbira,June,Meadow,2.669,92,37.68,8.11,23.491
Kbira,June,Meadow,3.082,94,37.68,8.12,23.46
Kbira,June,Meadow,3.219,96,37.69,8.13,23.406
Kbira,June,Meadow,3.229,98,37.69,8.14,23.363
Kbira,June,Meadow,3.101,100,37.69,8.14,23.374